<?xml version="1.0" encoding="UTF-8"?>

<mule xmlns:tracking="http://www.mulesoft.org/schema/mule/ee/tracking" xmlns:ftps="http://www.mulesoft.org/schema/mule/ftps" xmlns:data-mapper="http://www.mulesoft.org/schema/mule/ee/data-mapper" xmlns:file="http://www.mulesoft.org/schema/mule/file" xmlns:b2b="http://www.mulesoft.org/schema/mule/b2b" xmlns:x12-edi="http://www.mulesoft.org/schema/mule/x12-edi" xmlns="http://www.mulesoft.org/schema/mule/core" xmlns:doc="http://www.mulesoft.org/schema/mule/documentation"
	xmlns:spring="http://www.springframework.org/schema/beans" version="EE-3.6.1"
	xmlns:xsi="http://www.w3.org/2001/XMLSchema-instance"
	xsi:schemaLocation="http://www.springframework.org/schema/beans http://www.springframework.org/schema/beans/spring-beans-current.xsd
http://www.mulesoft.org/schema/mule/core http://www.mulesoft.org/schema/mule/core/current/mule.xsd
http://www.mulesoft.org/schema/mule/ee/data-mapper http://www.mulesoft.org/schema/mule/ee/data-mapper/current/mule-data-mapper.xsd
http://www.mulesoft.org/schema/mule/b2b http://www.mulesoft.org/schema/mule/b2b/current/mule-b2b.xsd
http://www.mulesoft.org/schema/mule/x12-edi http://www.mulesoft.org/schema/mule/x12-edi/current/mule-x12-edi.xsd
http://www.mulesoft.org/schema/mule/file http://www.mulesoft.org/schema/mule/file/current/mule-file.xsd
http://www.mulesoft.org/schema/mule/ftps http://www.mulesoft.org/schema/mule/ftps/current/mule-ftps.xsd
http://www.mulesoft.org/schema/mule/ee/tracking http://www.mulesoft.org/schema/mule/ee/tracking/current/mule-tracking-ee.xsd">
    <b2b:config name="b2b" apiKey="" doc:name="B2B"/>
	<ftps:config name="b2b-based-ftps" useB2BProvider="true" doc:name="FTPS"/>
    <x12-edi:config name="X12_EDI" useB2BProvider="true" interchangeIdQualifierSelf="ZZ" interchangeIdSelf="MOUNTAINOUT" groupIdSelf="MOUNTAINOUT" interchangeIdQualifierPartner="ZZ" interchangeIdPartner="MY-SUPPLIER" groupIdPartner="MY-SUPPLIER" invalidCharacterInValueFail="false" wrongValuesRepeatsFail="false" unknownsSegmentFail="false" segmentOutOfOrderFail="false" unusedSegmentPresentFail="false" wrongSegmentsRepeatsFail="false" doc:name="X12 EDI">
        <x12-edi:schemas>
            <x12-edi:schema>/x12/005010/850.esl</x12-edi:schema>
        </x12-edi:schemas>
    </x12-edi:config>
     <data-mapper:config name="XML_To_850" transformationGraphPath="xml_to_850.grf" doc:name="XML_To_850"/>
    <flow name="send-850-to-supplier-flow-ftps">
        <file:inbound-endpoint path="outbox" responseTimeout="10000" doc:name="File"/>
        <data-mapper:transform config-ref="XML_To_850" doc:name="XML to 850"/>
        <x12-edi:write config-ref="X12_EDI" doc:name="Write EDI"/>
		<ftps:write config-ref="b2b-based-ftps" specId="" doc:name="Send 850 to Supplier over FTPS"/>
    </flow>
     <flow name="receive-997-from-supplier-flow-ftps" >
        <ftps:read config-ref="b2b-based-ftps" specId="" doc:name="Receive 997 from Supplier"/>
        <byte-array-to-string-transformer doc:name="Byte Array to String"/>
        <x12-edi:read config-ref="X12_EDI" doc:name="Parse EDI"/>
    </flow>

</mule>
