<?xml version="1.0" encoding="UTF-8"?>

<mule xmlns:tracking="http://www.mulesoft.org/schema/mule/ee/tracking" xmlns:ftps="http://www.mulesoft.org/schema/mule/ftps" xmlns:data-mapper="http://www.mulesoft.org/schema/mule/ee/data-mapper" xmlns:file="http://www.mulesoft.org/schema/mule/file" xmlns:b2b="http://www.mulesoft.org/schema/mule/b2b" xmlns:x12-edi="http://www.mulesoft.org/schema/mule/x12-edi" xmlns="http://www.mulesoft.org/schema/mule/core" xmlns:doc="http://www.mulesoft.org/schema/mule/documentation"
	xmlns:spring="http://www.springframework.org/schema/beans" version="EE-3.6.1"
	xmlns:xsi="http://www.w3.org/2001/XMLSchema-instance"
	xsi:schemaLocation="http://www.springframework.org/schema/beans http://www.springframework.org/schema/beans/spring-beans-current.xsd
http://www.mulesoft.org/schema/mule/core http://www.mulesoft.org/schema/mule/core/current/mule.xsd
http://www.mulesoft.org/schema/mule/ee/data-mapper http://www.mulesoft.org/schema/mule/ee/data-mapper/current/mule-data-mapper.xsd
http://www.mulesoft.org/schema/mule/b2b http://www.mulesoft.org/schema/mule/b2b/current/mule-b2b.xsd
http://www.mulesoft.org/schema/mule/x12-edi http://www.mulesoft.org/schema/mule/x12-edi/current/mule-x12-edi.xsd
http://www.mulesoft.org/schema/mule/file http://www.mulesoft.org/schema/mule/file/current/mule-file.xsd
http://www.mulesoft.org/schema/mule/ftps http://www.mulesoft.org/schema/mule/ftps/current/mule-ftps.xsd
http://www.mulesoft.org/schema/mule/ee/tracking http://www.mulesoft.org/schema/mule/ee/tracking/current/mule-tracking-ee.xsd">
 
  <x12-edi:config  requireUniqueInterchangeNumbers="false" name="supplier-x12-edi" doc:name="X12 EDI">
        <x12-edi:schemas>
			<x12-edi:schema>/x12/005010/850.esl</x12-edi:schema>
        </x12-edi:schemas>
    </x12-edi:config>
    <ftps:config name="supplier-ftps-no-b2b" host="dev.modusintegration.com" port="9900" disableCertificateValidation="true" username="demo" password="b2bd3mo#1" doc:name="FTPS"/>
 <flow name="receive-850-from-customer-flow-ftps" >
        <ftps:read config-ref="supplier-ftps-no-b2b"  doc:name="Receive from Customer over FTPS" fileName="*.dat" filePath="/demo/supplier-inbox/" pollingPeriod="10000"/>
        <byte-array-to-string-transformer doc:name="Byte Array to String"/>
        <x12-edi:read config-ref="supplier-x12-edi" doc:name="Parse 850"/>
        <set-payload value="#[ ['Transactions' : ['997' : payload.FunctionalAcksGenerated] ] ]" doc:name="Extract Cannonical 997"/>
        <x12-edi:write config-ref="supplier-x12-edi" doc:name="Write 997"/>
        <ftps:write config-ref="supplier-ftps-no-b2b"  doc:name="Send 997 to Customer over FTPS" filePath="/demo/consumer-inbox/"/>
    </flow>    
</mule>
