<?xml version="1.0" encoding="UTF-8"?>
<mule xmlns:ws="http://www.mulesoft.org/schema/mule/ws" xmlns:data-mapper="http://www.mulesoft.org/schema/mule/ee/data-mapper" xmlns:doc="http://www.mulesoft.org/schema/mule/documentation" xmlns="http://www.mulesoft.org/schema/mule/core" xmlns:apikit="http://www.mulesoft.org/schema/mule/apikit" xmlns:http="http://www.mulesoft.org/schema/mule/http" xmlns:spring="http://www.springframework.org/schema/beans" xmlns:xsi="http://www.w3.org/2001/XMLSchema-instance" xsi:schemaLocation="http://www.mulesoft.org/schema/mule/core http://www.mulesoft.org/schema/mule/core/current/mule.xsd
http://www.mulesoft.org/schema/mule/http http://www.mulesoft.org/schema/mule/http/current/mule-http.xsd
http://www.mulesoft.org/schema/mule/apikit http://www.mulesoft.org/schema/mule/apikit/current/mule-apikit.xsd
http://www.springframework.org/schema/beans http://www.springframework.org/schema/beans/spring-beans-3.1.xsd
http://www.mulesoft.org/schema/mule/ws http://www.mulesoft.org/schema/mule/ws/current/mule-ws.xsd
http://www.mulesoft.org/schema/mule/ee/data-mapper http://www.mulesoft.org/schema/mule/ee/data-mapper/current/mule-data-mapper.xsd" version="EE-3.6.1">
    <http:listener-config name="t-shirt-httpListenerConfig" host="localhost" port="8081" doc:name="HTTP Listener Configuration"/>
    <apikit:config name="t-shirt-config" raml="t-shirt.raml" consoleEnabled="true" consolePath="console" doc:name="Router"/>
    <ws:consumer-config name="Web_Service_Consumer" wsdlLocation="http://tshirt-service.cloudhub.io/?wsdl" service="TshirtServicePortTypeService" port="TshirtServicePortTypePort" serviceAddress="http://tshirt-service.cloudhub.io/" doc:name="Web Service Consumer"/>
    <ws:consumer-config name="Web_Service_Consumer1" wsdlLocation="http://tshirt-service.cloudhub.io/?wsdl" service="TshirtServicePortTypeService" port="TshirtServicePortTypePort" serviceAddress="http://tshirt-service.cloudhub.io/" doc:name="Web Service Consumer"/>
    <ws:consumer-config name="Web_Service_Consumer2" wsdlLocation="http://tshirt-service.cloudhub.io/?wsdl" service="TshirtServicePortTypeService" port="TshirtServicePortTypePort" serviceAddress="http://tshirt-service.cloudhub.io/" doc:name="Web Service Consumer"/>
    <data-mapper:config name="Xml_ListInventoryResponse__To_JSON" transformationGraphPath="xml_listinventoryresponse__to_json.grf" doc:name="Xml_ListInventoryResponse__To_JSON"/>
    <data-mapper:config name="Pojo_To_Xml_TrackOrder_" transformationGraphPath="pojo_to_xml_trackorder_.grf" doc:name="Pojo_To_Xml_TrackOrder_"/>
    <data-mapper:config name="Xml_TrackOrderResponse__To_JSON" transformationGraphPath="xml_trackorderresponse__to_json.grf" doc:name="Xml_TrackOrderResponse__To_JSON"/>
    <data-mapper:config name="Xml_OrderTshirtResponse__To_JSON" transformationGraphPath="xml_ordertshirtresponse__to_json.grf" doc:name="Xml_OrderTshirtResponse__To_JSON"/>
    <data-mapper:config name="JSON_To_Xml_OrderTshirt_" transformationGraphPath="json_to_xml_ordertshirt_.grf" doc:name="JSON_To_Xml_OrderTshirt_"/>
    <apikit:mapping-exception-strategy name="t-shirt-apiKitGlobalExceptionMapping">
        <apikit:mapping statusCode="404">
            <apikit:exception value="org.mule.module.apikit.exception.NotFoundException" />
            <set-property propertyName="Content-Type" value="application/json" doc:name="Property"/>
            <set-payload value="{ &quot;message&quot;: &quot;Resource not found&quot; }" doc:name="Set Payload"/>
        </apikit:mapping>
        <apikit:mapping statusCode="405">
            <apikit:exception value="org.mule.module.apikit.exception.MethodNotAllowedException" />
            <set-property propertyName="Content-Type" value="application/json" doc:name="Property"/>
            <set-payload value="{ &quot;message&quot;: &quot;Method not allowed&quot; }" doc:name="Set Payload"/>
        </apikit:mapping>
        <apikit:mapping statusCode="415">
            <apikit:exception value="org.mule.module.apikit.exception.UnsupportedMediaTypeException" />
            <set-property propertyName="Content-Type" value="application/json" doc:name="Property"/>
            <set-payload value="{ &quot;message&quot;: &quot;Unsupported media type&quot; }" doc:name="Set Payload"/>
        </apikit:mapping>
        <apikit:mapping statusCode="406">
            <apikit:exception value="org.mule.module.apikit.exception.NotAcceptableException" />
            <set-property propertyName="Content-Type" value="application/json" doc:name="Property"/>
            <set-payload value="{ &quot;message&quot;: &quot;Not acceptable&quot; }" doc:name="Set Payload"/>
        </apikit:mapping>
        <apikit:mapping statusCode="400">
            <apikit:exception value="org.mule.module.apikit.exception.BadRequestException" />
            <set-property propertyName="Content-Type" value="application/json" doc:name="Property"/>
            <set-payload value="{ &quot;message&quot;: &quot;Bad request&quot; }" doc:name="Set Payload"/>
        </apikit:mapping>
    </apikit:mapping-exception-strategy>
    <flow name="t-shirt-main">
        <http:listener config-ref="t-shirt-httpListenerConfig" path="/api/*" doc:name="HTTP"/>
        <apikit:router config-ref="t-shirt-config" doc:name="APIkit Router"/>
        <exception-strategy ref="t-shirt-apiKitGlobalExceptionMapping" doc:name="Reference Exception Strategy"/>
    </flow>
    <flow name="get:/products:t-shirt-config">
        <ws:consumer config-ref="Web_Service_Consumer" operation="ListInventory" doc:name="Web Service Consumer"/>
        <data-mapper:transform config-ref="Xml_ListInventoryResponse__To_JSON" doc:name="Xml&lt;ListInventoryResponse&gt; To JSON"/>
    </flow>
    <flow name="get:/orders/{orderId}/status:t-shirt-config">
        <data-mapper:transform config-ref="Pojo_To_Xml_TrackOrder_" input-ref="#[orderId]" doc:name="Pojo To Xml&lt;TrackOrder&gt;">
            <data-mapper:input-arguments>
                <data-mapper:input-argument key="email">#[message.inboundProperties.email]</data-mapper:input-argument>
            </data-mapper:input-arguments>
        </data-mapper:transform>
        <ws:consumer config-ref="Web_Service_Consumer1" operation="TrackOrder" doc:name="Web Service Consumer"/>
        <data-mapper:transform config-ref="Xml_TrackOrderResponse__To_JSON" doc:name="Xml&lt;TrackOrderResponse&gt; To JSON"/>
    </flow>
    <flow name="post:/orders:application/json:t-shirt-config">
        <data-mapper:transform config-ref="JSON_To_Xml_OrderTshirt_" doc:name="JSON To Xml&lt;OrderTshirt&gt;"/>
        <ws:consumer config-ref="Web_Service_Consumer2" operation="OrderTshirt" doc:name="Web Service Consumer"/>
        <data-mapper:transform config-ref="Xml_OrderTshirtResponse__To_JSON" doc:name="Xml&lt;OrderTshirtResponse&gt; To JSON"/>
    </flow>
</mule>
