<?xml version="1.0" encoding="UTF-8"?>
<mule xmlns="http://www.mulesoft.org/schema/mule/core"
       xmlns:xsi="http://www.w3.org/2001/XMLSchema-instance"
       xmlns:http="http://www.mulesoft.org/schema/mule/http"
       xmlns:jbossts="http://www.mulesoft.org/schema/mule/jbossts"
       xmlns:jms="http://www.mulesoft.org/schema/mule/jms"
       xmlns:json="http://www.mulesoft.org/schema/mule/json"
       xmlns:vm="http://www.mulesoft.org/schema/mule/vm"
       xmlns:spring="http://www.springframework.org/schema/beans"
       xsi:schemaLocation="
        http://www.mulesoft.org/schema/mule/core http://www.mulesoft.org/schema/mule/core/current/mule.xsd
        http://www.mulesoft.org/schema/mule/http http://www.mulesoft.org/schema/mule/http/current/mule-http.xsd
        http://www.mulesoft.org/schema/mule/jms http://www.mulesoft.org/schema/mule/jms/current/mule-jms.xsd
        http://www.mulesoft.org/schema/mule/jbossts http://www.mulesoft.org/schema/mule/jbossts/current/mule-jbossts.xsd
        http://www.mulesoft.org/schema/mule/json http://www.mulesoft.org/schema/mule/json/current/mule-json.xsd
        http://www.mulesoft.org/schema/mule/vm http://www.mulesoft.org/schema/mule/vm/current/mule-vm.xsd
        http://www.springframework.org/schema/beans http://www.springframework.org/schema/beans/spring-beans-3.1.xsd" >

    <description>
        This example illustrates the use of Mule HA
    </description>

    <jbossts:transaction-manager/>

    <spring:bean name="eventGenerator" class="com.mulesoft.mule.example.widget.EventGenerator">
        <spring:property name="delay" value="1000"/>
        <spring:property name="interval" value="100"/>
        <spring:property name="payload" value="shape,color,identification"/>
        <spring:property name="targetUrl" value="vm://queueData"/>
    </spring:bean>

    <vm:connector name="clusterConnector"/>
    
    <jms:activemq-xa-connector name="jmsConnector" brokerURL="tcp://localhost:61616" specification="1.1" maxRedelivery="-1">
        <reconnect-forever blocking="false"/>
    </jms:activemq-xa-connector>

    <flow name="Input" processingStrategy="synchronous">
        <jms:inbound-endpoint name="IncomingWidgets" queue="incoming.widgets">
            <xa-transaction action="ALWAYS_BEGIN"/>
        </jms:inbound-endpoint>
        <vm:outbound-endpoint path="shape">
            <xa-transaction action="ALWAYS_JOIN"/>
        </vm:outbound-endpoint>
    </flow>

    <flow name="ShapeService" processingStrategy="synchronous">
        <vm:inbound-endpoint name="Shape" path="shape">
            <vm:transaction action="ALWAYS_BEGIN"/>
        </vm:inbound-endpoint>
        <component class="com.mulesoft.mule.example.widget.ShapeService" />
        <vm:outbound-endpoint path="color">
            <vm:transaction action="ALWAYS_JOIN"/>
        </vm:outbound-endpoint>
    </flow>

    <flow name="ColorService" processingStrategy="synchronous">
        <vm:inbound-endpoint name="Color" path="color">
            <vm:transaction action="ALWAYS_BEGIN"/>
        </vm:inbound-endpoint>
        <component class="com.mulesoft.mule.example.widget.ColorService" />
        <vm:outbound-endpoint path="identification">
            <vm:transaction action="ALWAYS_JOIN"/>
        </vm:outbound-endpoint>
    </flow>

    <flow name="IdentificationService" processingStrategy="synchronous">
        <vm:inbound-endpoint name="Identification" path="identification">
            <xa-transaction action="ALWAYS_BEGIN"/>
        </vm:inbound-endpoint>
        <component class="com.mulesoft.mule.example.widget.IdentificationService" />
        <jms:outbound-endpoint name="CompletedWidgets" queue="completed.widgets">
            <xa-transaction action="ALWAYS_JOIN"/>
        </jms:outbound-endpoint>
    </flow>

    <flow name="QueueData" processingStrategy="synchronous">
        <vm:inbound-endpoint path="queueData" exchange-pattern="request-response"/>
        <component class="com.mulesoft.mule.example.widget.QueueDataService"/>
        <json:object-to-json-transformer/>
        <http:outbound-endpoint address="http://localhost:8080/widgetUI/data/queuedata" exchange-pattern="one-way" method="PUT"/>
    </flow>

</mule>
