<?xml version="1.0" ?><org.mule.tooling.metadata.cache.MetadataCache><version>3.5.0.07</version><projectMetadataCache><entry><string>Web_Service_Consumer1</string><map><entry><string>TrackOrder</string><map><entry><string>__default__</string><org.mule.tooling.metadata.cache.DefaultMetadataCacheEntry><input class="org.mule.common.metadata.DefaultMetaData"><payload class="org.mule.common.metadata.DefaultXmlMetaDataModel"><dataType>XML</dataType><metaDataModelPropertiesManager><properties><org.mule.common.metadata.property.TextBasedExampleMetaDataModelProperty></org.mule.common.metadata.property.TextBasedExampleMetaDataModelProperty></properties></metaDataModelPropertiesManager><fields><org.mule.common.metadata.DefaultMetaDataField><name>email</name><model class="org.mule.common.metadata.DefaultSimpleMetaDataModel"><dataType>STRING</dataType><metaDataModelPropertiesManager><properties></properties></metaDataModelPropertiesManager></model><accessType>READ_WRITE</accessType><metaDataFieldPropertyManager><properties><org.mule.common.metadata.property.QNameMetaDataProperty><name><namespaceURI></namespaceURI><localPart>email</localPart><prefix></prefix></name></org.mule.common.metadata.property.QNameMetaDataProperty></properties></metaDataFieldPropertyManager></org.mule.common.metadata.DefaultMetaDataField><org.mule.common.metadata.DefaultMetaDataField><name>orderId</name><model class="org.mule.common.metadata.DefaultSimpleMetaDataModel"><dataType>STRING</dataType><metaDataModelPropertiesManager><properties></properties></metaDataModelPropertiesManager></model><accessType>READ_WRITE</accessType><metaDataFieldPropertyManager><properties><org.mule.common.metadata.property.QNameMetaDataProperty><name><namespaceURI></namespaceURI><localPart>orderId</localPart><prefix></prefix></name></org.mule.common.metadata.property.QNameMetaDataProperty></properties></metaDataFieldPropertyManager></org.mule.common.metadata.DefaultMetaDataField></fields><schemas class="org.mule.common.metadata.StringBasedSchemaProvider"><schemas><string>&lt;?xml version="1.0" encoding="UTF-8"?&gt;&lt;xs:schema xmlns:xs="http://www.w3.org/2001/XMLSchema" xmlns:ns1="http://schemas.xmlsoap.org/soap/http" xmlns:soap="http://schemas.xmlsoap.org/wsdl/soap/" xmlns:tns="http://mulesoft.org/tshirt-service" xmlns:wsdl="http://schemas.xmlsoap.org/wsdl/" xmlns:xsd="http://www.w3.org/2001/XMLSchema" targetNamespace="http://mulesoft.org/tshirt-service" version="1.0"&gt;
&lt;xs:element name="APIUsageInformation"&gt;
&lt;xs:complexType&gt;
&lt;xs:sequence&gt;
&lt;xs:element name="apiCallsRemaining" type="xs:integer"/&gt;
&lt;/xs:sequence&gt;
&lt;/xs:complexType&gt;
&lt;/xs:element&gt;
&lt;xs:element name="AuthenticationHeader"&gt;
&lt;xs:complexType&gt;
&lt;xs:sequence&gt;
&lt;xs:element name="apiKey" type="xs:string"/&gt;
&lt;/xs:sequence&gt;
&lt;/xs:complexType&gt;
&lt;/xs:element&gt;
&lt;xs:element name="ListInventory"&gt;
&lt;xs:complexType&gt;
&lt;xs:sequence/&gt;
&lt;/xs:complexType&gt;
&lt;/xs:element&gt;
&lt;xs:element name="ListInventoryResponse"&gt;
&lt;xs:complexType&gt;
&lt;xs:sequence&gt;
&lt;xs:element maxOccurs="unbounded" name="inventory" type="tns:InventoryItem"/&gt;
&lt;/xs:sequence&gt;
&lt;/xs:complexType&gt;
&lt;/xs:element&gt;
&lt;xs:element name="OrderTshirt"&gt;
&lt;xs:complexType&gt;
&lt;xs:sequence&gt;
&lt;xs:element name="size" type="tns:Size"/&gt;
&lt;xs:element name="email" type="xs:string"/&gt;
&lt;xs:element name="name" type="xs:string"/&gt;
&lt;xs:element name="address1" type="xs:string"/&gt;
&lt;xs:element name="address2" type="xs:string"/&gt;
&lt;xs:element name="city" type="xs:string"/&gt;
&lt;xs:element name="stateOrProvince" type="xs:string"/&gt;
&lt;xs:element name="postalCode" type="xs:string"/&gt;
&lt;xs:element name="country" type="xs:string"/&gt;
&lt;/xs:sequence&gt;
&lt;/xs:complexType&gt;
&lt;/xs:element&gt;
&lt;xs:element name="OrderTshirtResponse"&gt;
&lt;xs:complexType&gt;
&lt;xs:sequence&gt;
&lt;xs:element name="orderId" type="xs:string"/&gt;
&lt;/xs:sequence&gt;
&lt;/xs:complexType&gt;
&lt;/xs:element&gt;
&lt;xs:element name="TrackOrder"&gt;
&lt;xs:complexType&gt;
&lt;xs:sequence&gt;
&lt;xs:element name="email" type="xs:string"/&gt;
&lt;xs:element name="orderId" type="xs:string"/&gt;
&lt;/xs:sequence&gt;
&lt;/xs:complexType&gt;
&lt;/xs:element&gt;
&lt;xs:element name="TrackOrderResponse"&gt;
&lt;xs:complexType&gt;
&lt;xs:all&gt;
&lt;xs:element name="orderId" type="xs:string"/&gt;
&lt;xs:element name="status" type="xs:string"/&gt;
&lt;xs:element name="size" type="tns:Size"/&gt;
&lt;/xs:all&gt;
&lt;/xs:complexType&gt;
&lt;/xs:element&gt;
&lt;xs:element name="TshirtFault"&gt;
&lt;xs:complexType&gt;
&lt;xs:sequence&gt;
&lt;xs:element name="errorMessage" type="xs:string"/&gt;
&lt;/xs:sequence&gt;
&lt;/xs:complexType&gt;
&lt;/xs:element&gt;
&lt;xs:complexType name="InventoryItem"&gt;
&lt;xs:sequence&gt;
&lt;xs:element name="productCode" type="xs:string"/&gt;
&lt;xs:element name="size" type="tns:Size"/&gt;
&lt;xs:element name="description" type="xs:string"/&gt;
&lt;xs:element name="count" type="xs:integer"/&gt;
&lt;/xs:sequence&gt;
&lt;/xs:complexType&gt;
&lt;xs:simpleType name="Size"&gt;
&lt;xs:restriction base="xs:string"&gt;
&lt;xs:enumeration value="S"/&gt;
&lt;xs:enumeration value="M"/&gt;
&lt;xs:enumeration value="L"/&gt;
&lt;xs:enumeration value="XL"/&gt;
&lt;xs:enumeration value="XXL"/&gt;
&lt;/xs:restriction&gt;
&lt;/xs:simpleType&gt;
&lt;/xs:schema&gt;</string></schemas><encoding>UTF-8</encoding><baseUri>http://tshirt-service.cloudhub.io/?wsdl</baseUri></schemas><rootElement><namespaceURI>http://mulesoft.org/tshirt-service</namespaceURI><localPart>TrackOrder</localPart><prefix></prefix></rootElement></payload><properties><entry><org.mule.common.metadata.MetaDataPropertyScope>OUTBOUND</org.mule.common.metadata.MetaDataPropertyScope><org.mule.common.metadata.MetaDataProperties><fields></fields></org.mule.common.metadata.MetaDataProperties></entry><entry><org.mule.common.metadata.MetaDataPropertyScope>FLOW</org.mule.common.metadata.MetaDataPropertyScope><org.mule.common.metadata.MetaDataProperties><fields></fields></org.mule.common.metadata.MetaDataProperties></entry><entry><org.mule.common.metadata.MetaDataPropertyScope>RECORD</org.mule.common.metadata.MetaDataPropertyScope><org.mule.common.metadata.MetaDataProperties><fields></fields></org.mule.common.metadata.MetaDataProperties></entry><entry><org.mule.common.metadata.MetaDataPropertyScope>SESSION</org.mule.common.metadata.MetaDataPropertyScope><org.mule.common.metadata.MetaDataProperties><fields></fields></org.mule.common.metadata.MetaDataProperties></entry><entry><org.mule.common.metadata.MetaDataPropertyScope>INBOUND</org.mule.common.metadata.MetaDataPropertyScope><org.mule.common.metadata.MetaDataProperties><fields></fields></org.mule.common.metadata.MetaDataProperties></entry></properties></input><output class="org.mule.common.metadata.DefaultMetaData"><payload class="org.mule.common.metadata.DefaultXmlMetaDataModel"><dataType>XML</dataType><metaDataModelPropertiesManager><properties><org.mule.common.metadata.property.TextBasedExampleMetaDataModelProperty></org.mule.common.metadata.property.TextBasedExampleMetaDataModelProperty></properties></metaDataModelPropertiesManager><fields><org.mule.common.metadata.DefaultMetaDataField><name>orderId</name><model class="org.mule.common.metadata.DefaultSimpleMetaDataModel"><dataType>STRING</dataType><metaDataModelPropertiesManager><properties></properties></metaDataModelPropertiesManager></model><accessType>READ_WRITE</accessType><metaDataFieldPropertyManager><properties><org.mule.common.metadata.property.QNameMetaDataProperty><name><namespaceURI></namespaceURI><localPart>orderId</localPart><prefix></prefix></name></org.mule.common.metadata.property.QNameMetaDataProperty></properties></metaDataFieldPropertyManager></org.mule.common.metadata.DefaultMetaDataField><org.mule.common.metadata.DefaultMetaDataField><name>status</name><model class="org.mule.common.metadata.DefaultSimpleMetaDataModel"><dataType>STRING</dataType><metaDataModelPropertiesManager><properties></properties></metaDataModelPropertiesManager></model><accessType>READ_WRITE</accessType><metaDataFieldPropertyManager><properties><org.mule.common.metadata.property.QNameMetaDataProperty><name><namespaceURI></namespaceURI><localPart>status</localPart><prefix></prefix></name></org.mule.common.metadata.property.QNameMetaDataProperty></properties></metaDataFieldPropertyManager></org.mule.common.metadata.DefaultMetaDataField><org.mule.common.metadata.DefaultMetaDataField><name>size</name><model class="org.mule.common.metadata.DefaultSimpleMetaDataModel"><dataType>STRING</dataType><metaDataModelPropertiesManager><properties></properties></metaDataModelPropertiesManager></model><accessType>READ_WRITE</accessType><metaDataFieldPropertyManager><properties><org.mule.common.metadata.property.QNameMetaDataProperty><name><namespaceURI></namespaceURI><localPart>size</localPart><prefix></prefix></name></org.mule.common.metadata.property.QNameMetaDataProperty></properties></metaDataFieldPropertyManager></org.mule.common.metadata.DefaultMetaDataField></fields><schemas class="org.mule.common.metadata.StringBasedSchemaProvider"><schemas><string>&lt;?xml version="1.0" encoding="UTF-8"?&gt;&lt;xs:schema xmlns:xs="http://www.w3.org/2001/XMLSchema" xmlns:ns1="http://schemas.xmlsoap.org/soap/http" xmlns:soap="http://schemas.xmlsoap.org/wsdl/soap/" xmlns:tns="http://mulesoft.org/tshirt-service" xmlns:wsdl="http://schemas.xmlsoap.org/wsdl/" xmlns:xsd="http://www.w3.org/2001/XMLSchema" targetNamespace="http://mulesoft.org/tshirt-service" version="1.0"&gt;
&lt;xs:element name="APIUsageInformation"&gt;
&lt;xs:complexType&gt;
&lt;xs:sequence&gt;
&lt;xs:element name="apiCallsRemaining" type="xs:integer"/&gt;
&lt;/xs:sequence&gt;
&lt;/xs:complexType&gt;
&lt;/xs:element&gt;
&lt;xs:element name="AuthenticationHeader"&gt;
&lt;xs:complexType&gt;
&lt;xs:sequence&gt;
&lt;xs:element name="apiKey" type="xs:string"/&gt;
&lt;/xs:sequence&gt;
&lt;/xs:complexType&gt;
&lt;/xs:element&gt;
&lt;xs:element name="ListInventory"&gt;
&lt;xs:complexType&gt;
&lt;xs:sequence/&gt;
&lt;/xs:complexType&gt;
&lt;/xs:element&gt;
&lt;xs:element name="ListInventoryResponse"&gt;
&lt;xs:complexType&gt;
&lt;xs:sequence&gt;
&lt;xs:element maxOccurs="unbounded" name="inventory" type="tns:InventoryItem"/&gt;
&lt;/xs:sequence&gt;
&lt;/xs:complexType&gt;
&lt;/xs:element&gt;
&lt;xs:element name="OrderTshirt"&gt;
&lt;xs:complexType&gt;
&lt;xs:sequence&gt;
&lt;xs:element name="size" type="tns:Size"/&gt;
&lt;xs:element name="email" type="xs:string"/&gt;
&lt;xs:element name="name" type="xs:string"/&gt;
&lt;xs:element name="address1" type="xs:string"/&gt;
&lt;xs:element name="address2" type="xs:string"/&gt;
&lt;xs:element name="city" type="xs:string"/&gt;
&lt;xs:element name="stateOrProvince" type="xs:string"/&gt;
&lt;xs:element name="postalCode" type="xs:string"/&gt;
&lt;xs:element name="country" type="xs:string"/&gt;
&lt;/xs:sequence&gt;
&lt;/xs:complexType&gt;
&lt;/xs:element&gt;
&lt;xs:element name="OrderTshirtResponse"&gt;
&lt;xs:complexType&gt;
&lt;xs:sequence&gt;
&lt;xs:element name="orderId" type="xs:string"/&gt;
&lt;/xs:sequence&gt;
&lt;/xs:complexType&gt;
&lt;/xs:element&gt;
&lt;xs:element name="TrackOrder"&gt;
&lt;xs:complexType&gt;
&lt;xs:sequence&gt;
&lt;xs:element name="email" type="xs:string"/&gt;
&lt;xs:element name="orderId" type="xs:string"/&gt;
&lt;/xs:sequence&gt;
&lt;/xs:complexType&gt;
&lt;/xs:element&gt;
&lt;xs:element name="TrackOrderResponse"&gt;
&lt;xs:complexType&gt;
&lt;xs:all&gt;
&lt;xs:element name="orderId" type="xs:string"/&gt;
&lt;xs:element name="status" type="xs:string"/&gt;
&lt;xs:element name="size" type="tns:Size"/&gt;
&lt;/xs:all&gt;
&lt;/xs:complexType&gt;
&lt;/xs:element&gt;
&lt;xs:element name="TshirtFault"&gt;
&lt;xs:complexType&gt;
&lt;xs:sequence&gt;
&lt;xs:element name="errorMessage" type="xs:string"/&gt;
&lt;/xs:sequence&gt;
&lt;/xs:complexType&gt;
&lt;/xs:element&gt;
&lt;xs:complexType name="InventoryItem"&gt;
&lt;xs:sequence&gt;
&lt;xs:element name="productCode" type="xs:string"/&gt;
&lt;xs:element name="size" type="tns:Size"/&gt;
&lt;xs:element name="description" type="xs:string"/&gt;
&lt;xs:element name="count" type="xs:integer"/&gt;
&lt;/xs:sequence&gt;
&lt;/xs:complexType&gt;
&lt;xs:simpleType name="Size"&gt;
&lt;xs:restriction base="xs:string"&gt;
&lt;xs:enumeration value="S"/&gt;
&lt;xs:enumeration value="M"/&gt;
&lt;xs:enumeration value="L"/&gt;
&lt;xs:enumeration value="XL"/&gt;
&lt;xs:enumeration value="XXL"/&gt;
&lt;/xs:restriction&gt;
&lt;/xs:simpleType&gt;
&lt;/xs:schema&gt;</string></schemas><encoding reference="../../../../input/payload/schemas/encoding"></encoding><baseUri>http://tshirt-service.cloudhub.io/?wsdl</baseUri></schemas><rootElement><namespaceURI>http://mulesoft.org/tshirt-service</namespaceURI><localPart>TrackOrderResponse</localPart><prefix></prefix></rootElement></payload><properties><entry><org.mule.common.metadata.MetaDataPropertyScope>OUTBOUND</org.mule.common.metadata.MetaDataPropertyScope><org.mule.common.metadata.MetaDataProperties><fields></fields></org.mule.common.metadata.MetaDataProperties></entry><entry><org.mule.common.metadata.MetaDataPropertyScope>FLOW</org.mule.common.metadata.MetaDataPropertyScope><org.mule.common.metadata.MetaDataProperties><fields></fields></org.mule.common.metadata.MetaDataProperties></entry><entry><org.mule.common.metadata.MetaDataPropertyScope>RECORD</org.mule.common.metadata.MetaDataPropertyScope><org.mule.common.metadata.MetaDataProperties><fields></fields></org.mule.common.metadata.MetaDataProperties></entry><entry><org.mule.common.metadata.MetaDataPropertyScope>SESSION</org.mule.common.metadata.MetaDataPropertyScope><org.mule.common.metadata.MetaDataProperties><fields></fields></org.mule.common.metadata.MetaDataProperties></entry><entry><org.mule.common.metadata.MetaDataPropertyScope>INBOUND</org.mule.common.metadata.MetaDataPropertyScope><org.mule.common.metadata.MetaDataProperties><fields></fields></org.mule.common.metadata.MetaDataProperties></entry></properties></output></org.mule.tooling.metadata.cache.DefaultMetadataCacheEntry></entry></map></entry></map></entry><entry><string>Web_Service_Consumer2</string><map><entry><string>OrderTshirt</string><map><entry><string>__default__</string><org.mule.tooling.metadata.cache.DefaultMetadataCacheEntry><input class="org.mule.common.metadata.DefaultMetaData"><payload class="org.mule.common.metadata.DefaultXmlMetaDataModel"><dataType>XML</dataType><metaDataModelPropertiesManager><properties><org.mule.common.metadata.property.TextBasedExampleMetaDataModelProperty></org.mule.common.metadata.property.TextBasedExampleMetaDataModelProperty></properties></metaDataModelPropertiesManager><fields><org.mule.common.metadata.DefaultMetaDataField><name>size</name><model class="org.mule.common.metadata.DefaultSimpleMetaDataModel"><dataType>STRING</dataType><metaDataModelPropertiesManager><properties></properties></metaDataModelPropertiesManager></model><accessType>READ_WRITE</accessType><metaDataFieldPropertyManager><properties><org.mule.common.metadata.property.QNameMetaDataProperty><name><namespaceURI></namespaceURI><localPart>size</localPart><prefix></prefix></name></org.mule.common.metadata.property.QNameMetaDataProperty></properties></metaDataFieldPropertyManager></org.mule.common.metadata.DefaultMetaDataField><org.mule.common.metadata.DefaultMetaDataField><name>email</name><model class="org.mule.common.metadata.DefaultSimpleMetaDataModel"><dataType>STRING</dataType><metaDataModelPropertiesManager><properties></properties></metaDataModelPropertiesManager></model><accessType>READ_WRITE</accessType><metaDataFieldPropertyManager><properties><org.mule.common.metadata.property.QNameMetaDataProperty><name><namespaceURI></namespaceURI><localPart>email</localPart><prefix></prefix></name></org.mule.common.metadata.property.QNameMetaDataProperty></properties></metaDataFieldPropertyManager></org.mule.common.metadata.DefaultMetaDataField><org.mule.common.metadata.DefaultMetaDataField><name>name</name><model class="org.mule.common.metadata.DefaultSimpleMetaDataModel"><dataType>STRING</dataType><metaDataModelPropertiesManager><properties></properties></metaDataModelPropertiesManager></model><accessType>READ_WRITE</accessType><metaDataFieldPropertyManager><properties><org.mule.common.metadata.property.QNameMetaDataProperty><name><namespaceURI></namespaceURI><localPart>name</localPart><prefix></prefix></name></org.mule.common.metadata.property.QNameMetaDataProperty></properties></metaDataFieldPropertyManager></org.mule.common.metadata.DefaultMetaDataField><org.mule.common.metadata.DefaultMetaDataField><name>address1</name><model class="org.mule.common.metadata.DefaultSimpleMetaDataModel"><dataType>STRING</dataType><metaDataModelPropertiesManager><properties></properties></metaDataModelPropertiesManager></model><accessType>READ_WRITE</accessType><metaDataFieldPropertyManager><properties><org.mule.common.metadata.property.QNameMetaDataProperty><name><namespaceURI></namespaceURI><localPart>address1</localPart><prefix></prefix></name></org.mule.common.metadata.property.QNameMetaDataProperty></properties></metaDataFieldPropertyManager></org.mule.common.metadata.DefaultMetaDataField><org.mule.common.metadata.DefaultMetaDataField><name>address2</name><model class="org.mule.common.metadata.DefaultSimpleMetaDataModel"><dataType>STRING</dataType><metaDataModelPropertiesManager><properties></properties></metaDataModelPropertiesManager></model><accessType>READ_WRITE</accessType><metaDataFieldPropertyManager><properties><org.mule.common.metadata.property.QNameMetaDataProperty><name><namespaceURI></namespaceURI><localPart>address2</localPart><prefix></prefix></name></org.mule.common.metadata.property.QNameMetaDataProperty></properties></metaDataFieldPropertyManager></org.mule.common.metadata.DefaultMetaDataField><org.mule.common.metadata.DefaultMetaDataField><name>city</name><model class="org.mule.common.metadata.DefaultSimpleMetaDataModel"><dataType>STRING</dataType><metaDataModelPropertiesManager><properties></properties></metaDataModelPropertiesManager></model><accessType>READ_WRITE</accessType><metaDataFieldPropertyManager><properties><org.mule.common.metadata.property.QNameMetaDataProperty><name><namespaceURI></namespaceURI><localPart>city</localPart><prefix></prefix></name></org.mule.common.metadata.property.QNameMetaDataProperty></properties></metaDataFieldPropertyManager></org.mule.common.metadata.DefaultMetaDataField><org.mule.common.metadata.DefaultMetaDataField><name>stateOrProvince</name><model class="org.mule.common.metadata.DefaultSimpleMetaDataModel"><dataType>STRING</dataType><metaDataModelPropertiesManager><properties></properties></metaDataModelPropertiesManager></model><accessType>READ_WRITE</accessType><metaDataFieldPropertyManager><properties><org.mule.common.metadata.property.QNameMetaDataProperty><name><namespaceURI></namespaceURI><localPart>stateOrProvince</localPart><prefix></prefix></name></org.mule.common.metadata.property.QNameMetaDataProperty></properties></metaDataFieldPropertyManager></org.mule.common.metadata.DefaultMetaDataField><org.mule.common.metadata.DefaultMetaDataField><name>postalCode</name><model class="org.mule.common.metadata.DefaultSimpleMetaDataModel"><dataType>STRING</dataType><metaDataModelPropertiesManager><properties></properties></metaDataModelPropertiesManager></model><accessType>READ_WRITE</accessType><metaDataFieldPropertyManager><properties><org.mule.common.metadata.property.QNameMetaDataProperty><name><namespaceURI></namespaceURI><localPart>postalCode</localPart><prefix></prefix></name></org.mule.common.metadata.property.QNameMetaDataProperty></properties></metaDataFieldPropertyManager></org.mule.common.metadata.DefaultMetaDataField><org.mule.common.metadata.DefaultMetaDataField><name>country</name><model class="org.mule.common.metadata.DefaultSimpleMetaDataModel"><dataType>STRING</dataType><metaDataModelPropertiesManager><properties></properties></metaDataModelPropertiesManager></model><accessType>READ_WRITE</accessType><metaDataFieldPropertyManager><properties><org.mule.common.metadata.property.QNameMetaDataProperty><name><namespaceURI></namespaceURI><localPart>country</localPart><prefix></prefix></name></org.mule.common.metadata.property.QNameMetaDataProperty></properties></metaDataFieldPropertyManager></org.mule.common.metadata.DefaultMetaDataField></fields><schemas class="org.mule.common.metadata.StringBasedSchemaProvider"><schemas><string>&lt;?xml version="1.0" encoding="UTF-8"?&gt;&lt;xs:schema xmlns:xs="http://www.w3.org/2001/XMLSchema" xmlns:ns1="http://schemas.xmlsoap.org/soap/http" xmlns:soap="http://schemas.xmlsoap.org/wsdl/soap/" xmlns:tns="http://mulesoft.org/tshirt-service" xmlns:wsdl="http://schemas.xmlsoap.org/wsdl/" xmlns:xsd="http://www.w3.org/2001/XMLSchema" targetNamespace="http://mulesoft.org/tshirt-service" version="1.0"&gt;
&lt;xs:element name="APIUsageInformation"&gt;
&lt;xs:complexType&gt;
&lt;xs:sequence&gt;
&lt;xs:element name="apiCallsRemaining" type="xs:integer"/&gt;
&lt;/xs:sequence&gt;
&lt;/xs:complexType&gt;
&lt;/xs:element&gt;
&lt;xs:element name="AuthenticationHeader"&gt;
&lt;xs:complexType&gt;
&lt;xs:sequence&gt;
&lt;xs:element name="apiKey" type="xs:string"/&gt;
&lt;/xs:sequence&gt;
&lt;/xs:complexType&gt;
&lt;/xs:element&gt;
&lt;xs:element name="ListInventory"&gt;
&lt;xs:complexType&gt;
&lt;xs:sequence/&gt;
&lt;/xs:complexType&gt;
&lt;/xs:element&gt;
&lt;xs:element name="ListInventoryResponse"&gt;
&lt;xs:complexType&gt;
&lt;xs:sequence&gt;
&lt;xs:element maxOccurs="unbounded" name="inventory" type="tns:InventoryItem"/&gt;
&lt;/xs:sequence&gt;
&lt;/xs:complexType&gt;
&lt;/xs:element&gt;
&lt;xs:element name="OrderTshirt"&gt;
&lt;xs:complexType&gt;
&lt;xs:sequence&gt;
&lt;xs:element name="size" type="tns:Size"/&gt;
&lt;xs:element name="email" type="xs:string"/&gt;
&lt;xs:element name="name" type="xs:string"/&gt;
&lt;xs:element name="address1" type="xs:string"/&gt;
&lt;xs:element name="address2" type="xs:string"/&gt;
&lt;xs:element name="city" type="xs:string"/&gt;
&lt;xs:element name="stateOrProvince" type="xs:string"/&gt;
&lt;xs:element name="postalCode" type="xs:string"/&gt;
&lt;xs:element name="country" type="xs:string"/&gt;
&lt;/xs:sequence&gt;
&lt;/xs:complexType&gt;
&lt;/xs:element&gt;
&lt;xs:element name="OrderTshirtResponse"&gt;
&lt;xs:complexType&gt;
&lt;xs:sequence&gt;
&lt;xs:element name="orderId" type="xs:string"/&gt;
&lt;/xs:sequence&gt;
&lt;/xs:complexType&gt;
&lt;/xs:element&gt;
&lt;xs:element name="TrackOrder"&gt;
&lt;xs:complexType&gt;
&lt;xs:sequence&gt;
&lt;xs:element name="email" type="xs:string"/&gt;
&lt;xs:element name="orderId" type="xs:string"/&gt;
&lt;/xs:sequence&gt;
&lt;/xs:complexType&gt;
&lt;/xs:element&gt;
&lt;xs:element name="TrackOrderResponse"&gt;
&lt;xs:complexType&gt;
&lt;xs:all&gt;
&lt;xs:element name="orderId" type="xs:string"/&gt;
&lt;xs:element name="status" type="xs:string"/&gt;
&lt;xs:element name="size" type="tns:Size"/&gt;
&lt;/xs:all&gt;
&lt;/xs:complexType&gt;
&lt;/xs:element&gt;
&lt;xs:element name="TshirtFault"&gt;
&lt;xs:complexType&gt;
&lt;xs:sequence&gt;
&lt;xs:element name="errorMessage" type="xs:string"/&gt;
&lt;/xs:sequence&gt;
&lt;/xs:complexType&gt;
&lt;/xs:element&gt;
&lt;xs:complexType name="InventoryItem"&gt;
&lt;xs:sequence&gt;
&lt;xs:element name="productCode" type="xs:string"/&gt;
&lt;xs:element name="size" type="tns:Size"/&gt;
&lt;xs:element name="description" type="xs:string"/&gt;
&lt;xs:element name="count" type="xs:integer"/&gt;
&lt;/xs:sequence&gt;
&lt;/xs:complexType&gt;
&lt;xs:simpleType name="Size"&gt;
&lt;xs:restriction base="xs:string"&gt;
&lt;xs:enumeration value="S"/&gt;
&lt;xs:enumeration value="M"/&gt;
&lt;xs:enumeration value="L"/&gt;
&lt;xs:enumeration value="XL"/&gt;
&lt;xs:enumeration value="XXL"/&gt;
&lt;/xs:restriction&gt;
&lt;/xs:simpleType&gt;
&lt;/xs:schema&gt;</string></schemas><encoding reference="../../../../../../../../../../entry/map/entry/map/entry/org.mule.tooling.metadata.cache.DefaultMetadataCacheEntry/input/payload/schemas/encoding"></encoding><baseUri>http://tshirt-service.cloudhub.io/?wsdl</baseUri></schemas><rootElement><namespaceURI>http://mulesoft.org/tshirt-service</namespaceURI><localPart>OrderTshirt</localPart><prefix></prefix></rootElement></payload><properties><entry><org.mule.common.metadata.MetaDataPropertyScope>OUTBOUND</org.mule.common.metadata.MetaDataPropertyScope><org.mule.common.metadata.MetaDataProperties><fields></fields></org.mule.common.metadata.MetaDataProperties></entry><entry><org.mule.common.metadata.MetaDataPropertyScope>FLOW</org.mule.common.metadata.MetaDataPropertyScope><org.mule.common.metadata.MetaDataProperties><fields></fields></org.mule.common.metadata.MetaDataProperties></entry><entry><org.mule.common.metadata.MetaDataPropertyScope>RECORD</org.mule.common.metadata.MetaDataPropertyScope><org.mule.common.metadata.MetaDataProperties><fields></fields></org.mule.common.metadata.MetaDataProperties></entry><entry><org.mule.common.metadata.MetaDataPropertyScope>SESSION</org.mule.common.metadata.MetaDataPropertyScope><org.mule.common.metadata.MetaDataProperties><fields></fields></org.mule.common.metadata.MetaDataProperties></entry><entry><org.mule.common.metadata.MetaDataPropertyScope>INBOUND</org.mule.common.metadata.MetaDataPropertyScope><org.mule.common.metadata.MetaDataProperties><fields></fields></org.mule.common.metadata.MetaDataProperties></entry></properties></input><output class="org.mule.common.metadata.DefaultMetaData"><payload class="org.mule.common.metadata.DefaultXmlMetaDataModel"><dataType>XML</dataType><metaDataModelPropertiesManager><properties><org.mule.common.metadata.property.TextBasedExampleMetaDataModelProperty></org.mule.common.metadata.property.TextBasedExampleMetaDataModelProperty></properties></metaDataModelPropertiesManager><fields><org.mule.common.metadata.DefaultMetaDataField><name>orderId</name><model class="org.mule.common.metadata.DefaultSimpleMetaDataModel"><dataType>STRING</dataType><metaDataModelPropertiesManager><properties></properties></metaDataModelPropertiesManager></model><accessType>READ_WRITE</accessType><metaDataFieldPropertyManager><properties><org.mule.common.metadata.property.QNameMetaDataProperty><name><namespaceURI></namespaceURI><localPart>orderId</localPart><prefix></prefix></name></org.mule.common.metadata.property.QNameMetaDataProperty></properties></metaDataFieldPropertyManager></org.mule.common.metadata.DefaultMetaDataField></fields><schemas class="org.mule.common.metadata.StringBasedSchemaProvider"><schemas><string>&lt;?xml version="1.0" encoding="UTF-8"?&gt;&lt;xs:schema xmlns:xs="http://www.w3.org/2001/XMLSchema" xmlns:ns1="http://schemas.xmlsoap.org/soap/http" xmlns:soap="http://schemas.xmlsoap.org/wsdl/soap/" xmlns:tns="http://mulesoft.org/tshirt-service" xmlns:wsdl="http://schemas.xmlsoap.org/wsdl/" xmlns:xsd="http://www.w3.org/2001/XMLSchema" targetNamespace="http://mulesoft.org/tshirt-service" version="1.0"&gt;
&lt;xs:element name="APIUsageInformation"&gt;
&lt;xs:complexType&gt;
&lt;xs:sequence&gt;
&lt;xs:element name="apiCallsRemaining" type="xs:integer"/&gt;
&lt;/xs:sequence&gt;
&lt;/xs:complexType&gt;
&lt;/xs:element&gt;
&lt;xs:element name="AuthenticationHeader"&gt;
&lt;xs:complexType&gt;
&lt;xs:sequence&gt;
&lt;xs:element name="apiKey" type="xs:string"/&gt;
&lt;/xs:sequence&gt;
&lt;/xs:complexType&gt;
&lt;/xs:element&gt;
&lt;xs:element name="ListInventory"&gt;
&lt;xs:complexType&gt;
&lt;xs:sequence/&gt;
&lt;/xs:complexType&gt;
&lt;/xs:element&gt;
&lt;xs:element name="ListInventoryResponse"&gt;
&lt;xs:complexType&gt;
&lt;xs:sequence&gt;
&lt;xs:element maxOccurs="unbounded" name="inventory" type="tns:InventoryItem"/&gt;
&lt;/xs:sequence&gt;
&lt;/xs:complexType&gt;
&lt;/xs:element&gt;
&lt;xs:element name="OrderTshirt"&gt;
&lt;xs:complexType&gt;
&lt;xs:sequence&gt;
&lt;xs:element name="size" type="tns:Size"/&gt;
&lt;xs:element name="email" type="xs:string"/&gt;
&lt;xs:element name="name" type="xs:string"/&gt;
&lt;xs:element name="address1" type="xs:string"/&gt;
&lt;xs:element name="address2" type="xs:string"/&gt;
&lt;xs:element name="city" type="xs:string"/&gt;
&lt;xs:element name="stateOrProvince" type="xs:string"/&gt;
&lt;xs:element name="postalCode" type="xs:string"/&gt;
&lt;xs:element name="country" type="xs:string"/&gt;
&lt;/xs:sequence&gt;
&lt;/xs:complexType&gt;
&lt;/xs:element&gt;
&lt;xs:element name="OrderTshirtResponse"&gt;
&lt;xs:complexType&gt;
&lt;xs:sequence&gt;
&lt;xs:element name="orderId" type="xs:string"/&gt;
&lt;/xs:sequence&gt;
&lt;/xs:complexType&gt;
&lt;/xs:element&gt;
&lt;xs:element name="TrackOrder"&gt;
&lt;xs:complexType&gt;
&lt;xs:sequence&gt;
&lt;xs:element name="email" type="xs:string"/&gt;
&lt;xs:element name="orderId" type="xs:string"/&gt;
&lt;/xs:sequence&gt;
&lt;/xs:complexType&gt;
&lt;/xs:element&gt;
&lt;xs:element name="TrackOrderResponse"&gt;
&lt;xs:complexType&gt;
&lt;xs:all&gt;
&lt;xs:element name="orderId" type="xs:string"/&gt;
&lt;xs:element name="status" type="xs:string"/&gt;
&lt;xs:element name="size" type="tns:Size"/&gt;
&lt;/xs:all&gt;
&lt;/xs:complexType&gt;
&lt;/xs:element&gt;
&lt;xs:element name="TshirtFault"&gt;
&lt;xs:complexType&gt;
&lt;xs:sequence&gt;
&lt;xs:element name="errorMessage" type="xs:string"/&gt;
&lt;/xs:sequence&gt;
&lt;/xs:complexType&gt;
&lt;/xs:element&gt;
&lt;xs:complexType name="InventoryItem"&gt;
&lt;xs:sequence&gt;
&lt;xs:element name="productCode" type="xs:string"/&gt;
&lt;xs:element name="size" type="tns:Size"/&gt;
&lt;xs:element name="description" type="xs:string"/&gt;
&lt;xs:element name="count" type="xs:integer"/&gt;
&lt;/xs:sequence&gt;
&lt;/xs:complexType&gt;
&lt;xs:simpleType name="Size"&gt;
&lt;xs:restriction base="xs:string"&gt;
&lt;xs:enumeration value="S"/&gt;
&lt;xs:enumeration value="M"/&gt;
&lt;xs:enumeration value="L"/&gt;
&lt;xs:enumeration value="XL"/&gt;
&lt;xs:enumeration value="XXL"/&gt;
&lt;/xs:restriction&gt;
&lt;/xs:simpleType&gt;
&lt;/xs:schema&gt;</string></schemas><encoding reference="../../../../../../../../../../entry/map/entry/map/entry/org.mule.tooling.metadata.cache.DefaultMetadataCacheEntry/input/payload/schemas/encoding"></encoding><baseUri>http://tshirt-service.cloudhub.io/?wsdl</baseUri></schemas><rootElement><namespaceURI>http://mulesoft.org/tshirt-service</namespaceURI><localPart>OrderTshirtResponse</localPart><prefix></prefix></rootElement></payload><properties><entry><org.mule.common.metadata.MetaDataPropertyScope>OUTBOUND</org.mule.common.metadata.MetaDataPropertyScope><org.mule.common.metadata.MetaDataProperties><fields></fields></org.mule.common.metadata.MetaDataProperties></entry><entry><org.mule.common.metadata.MetaDataPropertyScope>FLOW</org.mule.common.metadata.MetaDataPropertyScope><org.mule.common.metadata.MetaDataProperties><fields></fields></org.mule.common.metadata.MetaDataProperties></entry><entry><org.mule.common.metadata.MetaDataPropertyScope>RECORD</org.mule.common.metadata.MetaDataPropertyScope><org.mule.common.metadata.MetaDataProperties><fields></fields></org.mule.common.metadata.MetaDataProperties></entry><entry><org.mule.common.metadata.MetaDataPropertyScope>SESSION</org.mule.common.metadata.MetaDataPropertyScope><org.mule.common.metadata.MetaDataProperties><fields></fields></org.mule.common.metadata.MetaDataProperties></entry><entry><org.mule.common.metadata.MetaDataPropertyScope>INBOUND</org.mule.common.metadata.MetaDataPropertyScope><org.mule.common.metadata.MetaDataProperties><fields></fields></org.mule.common.metadata.MetaDataProperties></entry></properties></output></org.mule.tooling.metadata.cache.DefaultMetadataCacheEntry></entry></map></entry></map></entry><entry><string>Pojo_To_Xml_TrackOrder_</string><map><entry><string>http://www.mulesoft.org/schema/mule/ee/data-mapper/transform</string><map><entry><string>__default__</string><org.mule.tooling.metadata.cache.DefaultMetadataCacheEntry><input class="org.mule.common.metadata.DefaultMetaData"><payload class="org.mule.common.metadata.DefaultSimpleMetaDataModel"><dataType>STRING</dataType><metaDataModelPropertiesManager><properties></properties></metaDataModelPropertiesManager></payload><properties><entry><org.mule.common.metadata.MetaDataPropertyScope>OUTBOUND</org.mule.common.metadata.MetaDataPropertyScope><org.mule.common.metadata.MetaDataProperties><fields></fields></org.mule.common.metadata.MetaDataProperties></entry><entry><org.mule.common.metadata.MetaDataPropertyScope>FLOW</org.mule.common.metadata.MetaDataPropertyScope><org.mule.common.metadata.MetaDataProperties><fields></fields></org.mule.common.metadata.MetaDataProperties></entry><entry><org.mule.common.metadata.MetaDataPropertyScope>RECORD</org.mule.common.metadata.MetaDataPropertyScope><org.mule.common.metadata.MetaDataProperties><fields></fields></org.mule.common.metadata.MetaDataProperties></entry><entry><org.mule.common.metadata.MetaDataPropertyScope>SESSION</org.mule.common.metadata.MetaDataPropertyScope><org.mule.common.metadata.MetaDataProperties><fields></fields></org.mule.common.metadata.MetaDataProperties></entry><entry><org.mule.common.metadata.MetaDataPropertyScope>INBOUND</org.mule.common.metadata.MetaDataPropertyScope><org.mule.common.metadata.MetaDataProperties><fields></fields></org.mule.common.metadata.MetaDataProperties></entry></properties></input><output class="org.mule.common.metadata.DefaultMetaData"><payload class="org.mule.common.metadata.DefaultXmlMetaDataModel" reference="../../../../../../../../entry/map/entry/map/entry/org.mule.tooling.metadata.cache.DefaultMetadataCacheEntry/input/payload"></payload><properties><entry><org.mule.common.metadata.MetaDataPropertyScope>OUTBOUND</org.mule.common.metadata.MetaDataPropertyScope><org.mule.common.metadata.MetaDataProperties><fields></fields></org.mule.common.metadata.MetaDataProperties></entry><entry><org.mule.common.metadata.MetaDataPropertyScope>FLOW</org.mule.common.metadata.MetaDataPropertyScope><org.mule.common.metadata.MetaDataProperties><fields></fields></org.mule.common.metadata.MetaDataProperties></entry><entry><org.mule.common.metadata.MetaDataPropertyScope>RECORD</org.mule.common.metadata.MetaDataPropertyScope><org.mule.common.metadata.MetaDataProperties><fields></fields></org.mule.common.metadata.MetaDataProperties></entry><entry><org.mule.common.metadata.MetaDataPropertyScope>SESSION</org.mule.common.metadata.MetaDataPropertyScope><org.mule.common.metadata.MetaDataProperties><fields></fields></org.mule.common.metadata.MetaDataProperties></entry><entry><org.mule.common.metadata.MetaDataPropertyScope>INBOUND</org.mule.common.metadata.MetaDataPropertyScope><org.mule.common.metadata.MetaDataProperties><fields></fields></org.mule.common.metadata.MetaDataProperties></entry></properties></output></org.mule.tooling.metadata.cache.DefaultMetadataCacheEntry></entry></map></entry></map></entry><entry><string>Xml_ListInventoryResponse__To_JSON</string><map><entry><string>http://www.mulesoft.org/schema/mule/ee/data-mapper/transform</string><map><entry><string>__default__</string><org.mule.tooling.metadata.cache.DefaultMetadataCacheEntry><input class="org.mule.common.metadata.DefaultMetaData"><payload class="org.mule.common.metadata.DefaultXmlMetaDataModel"><dataType>XML</dataType><metaDataModelPropertiesManager><properties><org.mule.common.metadata.property.TextBasedExampleMetaDataModelProperty></org.mule.common.metadata.property.TextBasedExampleMetaDataModelProperty></properties></metaDataModelPropertiesManager><fields><org.mule.common.metadata.DefaultMetaDataField><name>inventory</name><model class="org.mule.common.metadata.DefaultListMetaDataModel"><dataType>LIST</dataType><metaDataModelPropertiesManager><properties></properties></metaDataModelPropertiesManager><model class="org.mule.common.metadata.DefaultXmlMetaDataModel"><dataType>XML</dataType><metaDataModelPropertiesManager><properties></properties></metaDataModelPropertiesManager><fields><org.mule.common.metadata.DefaultMetaDataField><name>productCode</name><model class="org.mule.common.metadata.DefaultSimpleMetaDataModel"><dataType>STRING</dataType><metaDataModelPropertiesManager><properties></properties></metaDataModelPropertiesManager></model><accessType>READ_WRITE</accessType><metaDataFieldPropertyManager><properties><org.mule.common.metadata.property.QNameMetaDataProperty><name><namespaceURI></namespaceURI><localPart>productCode</localPart><prefix></prefix></name></org.mule.common.metadata.property.QNameMetaDataProperty></properties></metaDataFieldPropertyManager></org.mule.common.metadata.DefaultMetaDataField><org.mule.common.metadata.DefaultMetaDataField><name>size</name><model class="org.mule.common.metadata.DefaultSimpleMetaDataModel"><dataType>STRING</dataType><metaDataModelPropertiesManager><properties></properties></metaDataModelPropertiesManager></model><accessType>READ_WRITE</accessType><metaDataFieldPropertyManager><properties><org.mule.common.metadata.property.QNameMetaDataProperty><name><namespaceURI></namespaceURI><localPart>size</localPart><prefix></prefix></name></org.mule.common.metadata.property.QNameMetaDataProperty></properties></metaDataFieldPropertyManager></org.mule.common.metadata.DefaultMetaDataField><org.mule.common.metadata.DefaultMetaDataField><name>description</name><model class="org.mule.common.metadata.DefaultSimpleMetaDataModel"><dataType>STRING</dataType><metaDataModelPropertiesManager><properties></properties></metaDataModelPropertiesManager></model><accessType>READ_WRITE</accessType><metaDataFieldPropertyManager><properties><org.mule.common.metadata.property.QNameMetaDataProperty><name><namespaceURI></namespaceURI><localPart>description</localPart><prefix></prefix></name></org.mule.common.metadata.property.QNameMetaDataProperty></properties></metaDataFieldPropertyManager></org.mule.common.metadata.DefaultMetaDataField><org.mule.common.metadata.DefaultMetaDataField><name>count</name><model class="org.mule.common.metadata.DefaultSimpleMetaDataModel"><dataType>INTEGER</dataType><metaDataModelPropertiesManager><properties></properties></metaDataModelPropertiesManager></model><accessType>READ_WRITE</accessType><metaDataFieldPropertyManager><properties><org.mule.common.metadata.property.QNameMetaDataProperty><name><namespaceURI></namespaceURI><localPart>count</localPart><prefix></prefix></name></org.mule.common.metadata.property.QNameMetaDataProperty></properties></metaDataFieldPropertyManager></org.mule.common.metadata.DefaultMetaDataField></fields><schemas class="org.mule.common.metadata.StringBasedSchemaProvider"><schemas><string>&lt;?xml version="1.0" encoding="UTF-8"?&gt;&lt;xs:schema xmlns:xs="http://www.w3.org/2001/XMLSchema" xmlns:ns1="http://schemas.xmlsoap.org/soap/http" xmlns:soap="http://schemas.xmlsoap.org/wsdl/soap/" xmlns:tns="http://mulesoft.org/tshirt-service" xmlns:wsdl="http://schemas.xmlsoap.org/wsdl/" xmlns:xsd="http://www.w3.org/2001/XMLSchema" targetNamespace="http://mulesoft.org/tshirt-service" version="1.0"&gt;
&lt;xs:element name="APIUsageInformation"&gt;
&lt;xs:complexType&gt;
&lt;xs:sequence&gt;
&lt;xs:element name="apiCallsRemaining" type="xs:integer"/&gt;
&lt;/xs:sequence&gt;
&lt;/xs:complexType&gt;
&lt;/xs:element&gt;
&lt;xs:element name="AuthenticationHeader"&gt;
&lt;xs:complexType&gt;
&lt;xs:sequence&gt;
&lt;xs:element name="apiKey" type="xs:string"/&gt;
&lt;/xs:sequence&gt;
&lt;/xs:complexType&gt;
&lt;/xs:element&gt;
&lt;xs:element name="ListInventory"&gt;
&lt;xs:complexType&gt;
&lt;xs:sequence/&gt;
&lt;/xs:complexType&gt;
&lt;/xs:element&gt;
&lt;xs:element name="ListInventoryResponse"&gt;
&lt;xs:complexType&gt;
&lt;xs:sequence&gt;
&lt;xs:element maxOccurs="unbounded" name="inventory" type="tns:InventoryItem"/&gt;
&lt;/xs:sequence&gt;
&lt;/xs:complexType&gt;
&lt;/xs:element&gt;
&lt;xs:element name="OrderTshirt"&gt;
&lt;xs:complexType&gt;
&lt;xs:sequence&gt;
&lt;xs:element name="size" type="tns:Size"/&gt;
&lt;xs:element name="email" type="xs:string"/&gt;
&lt;xs:element name="name" type="xs:string"/&gt;
&lt;xs:element name="address1" type="xs:string"/&gt;
&lt;xs:element name="address2" type="xs:string"/&gt;
&lt;xs:element name="city" type="xs:string"/&gt;
&lt;xs:element name="stateOrProvince" type="xs:string"/&gt;
&lt;xs:element name="postalCode" type="xs:string"/&gt;
&lt;xs:element name="country" type="xs:string"/&gt;
&lt;/xs:sequence&gt;
&lt;/xs:complexType&gt;
&lt;/xs:element&gt;
&lt;xs:element name="OrderTshirtResponse"&gt;
&lt;xs:complexType&gt;
&lt;xs:sequence&gt;
&lt;xs:element name="orderId" type="xs:string"/&gt;
&lt;/xs:sequence&gt;
&lt;/xs:complexType&gt;
&lt;/xs:element&gt;
&lt;xs:element name="TrackOrder"&gt;
&lt;xs:complexType&gt;
&lt;xs:sequence&gt;
&lt;xs:element name="email" type="xs:string"/&gt;
&lt;xs:element name="orderId" type="xs:string"/&gt;
&lt;/xs:sequence&gt;
&lt;/xs:complexType&gt;
&lt;/xs:element&gt;
&lt;xs:element name="TrackOrderResponse"&gt;
&lt;xs:complexType&gt;
&lt;xs:all&gt;
&lt;xs:element name="orderId" type="xs:string"/&gt;
&lt;xs:element name="status" type="xs:string"/&gt;
&lt;xs:element name="size" type="tns:Size"/&gt;
&lt;/xs:all&gt;
&lt;/xs:complexType&gt;
&lt;/xs:element&gt;
&lt;xs:element name="TshirtFault"&gt;
&lt;xs:complexType&gt;
&lt;xs:sequence&gt;
&lt;xs:element name="errorMessage" type="xs:string"/&gt;
&lt;/xs:sequence&gt;
&lt;/xs:complexType&gt;
&lt;/xs:element&gt;
&lt;xs:complexType name="InventoryItem"&gt;
&lt;xs:sequence&gt;
&lt;xs:element name="productCode" type="xs:string"/&gt;
&lt;xs:element name="size" type="tns:Size"/&gt;
&lt;xs:element name="description" type="xs:string"/&gt;
&lt;xs:element name="count" type="xs:integer"/&gt;
&lt;/xs:sequence&gt;
&lt;/xs:complexType&gt;
&lt;xs:simpleType name="Size"&gt;
&lt;xs:restriction base="xs:string"&gt;
&lt;xs:enumeration value="S"/&gt;
&lt;xs:enumeration value="M"/&gt;
&lt;xs:enumeration value="L"/&gt;
&lt;xs:enumeration value="XL"/&gt;
&lt;xs:enumeration value="XXL"/&gt;
&lt;/xs:restriction&gt;
&lt;/xs:simpleType&gt;
&lt;/xs:schema&gt;</string></schemas><encoding reference="../../../../../../../../../../../../../../entry/map/entry/map/entry/org.mule.tooling.metadata.cache.DefaultMetadataCacheEntry/input/payload/schemas/encoding"></encoding><baseUri>http://tshirt-service.cloudhub.io/?wsdl</baseUri></schemas><rootElement><namespaceURI>http://mulesoft.org/tshirt-service</namespaceURI><localPart>ListInventoryResponse</localPart><prefix></prefix></rootElement></model><isArray>false</isArray></model><accessType>READ_WRITE</accessType><metaDataFieldPropertyManager><properties><org.mule.common.metadata.property.QNameMetaDataProperty><name><namespaceURI></namespaceURI><localPart>inventory</localPart><prefix></prefix></name></org.mule.common.metadata.property.QNameMetaDataProperty></properties></metaDataFieldPropertyManager></org.mule.common.metadata.DefaultMetaDataField></fields><schemas class="org.mule.common.metadata.StringBasedSchemaProvider"><schemas reference="../../fields/org.mule.common.metadata.DefaultMetaDataField/model/model/schemas/schemas"></schemas><encoding reference="../../../../../../../../../../entry/map/entry/map/entry/org.mule.tooling.metadata.cache.DefaultMetadataCacheEntry/input/payload/schemas/encoding"></encoding><baseUri>http://tshirt-service.cloudhub.io/?wsdl</baseUri></schemas><rootElement reference="../fields/org.mule.common.metadata.DefaultMetaDataField/model/model/rootElement"></rootElement></payload><properties><entry><org.mule.common.metadata.MetaDataPropertyScope>OUTBOUND</org.mule.common.metadata.MetaDataPropertyScope><org.mule.common.metadata.MetaDataProperties><fields></fields></org.mule.common.metadata.MetaDataProperties></entry><entry><org.mule.common.metadata.MetaDataPropertyScope>FLOW</org.mule.common.metadata.MetaDataPropertyScope><org.mule.common.metadata.MetaDataProperties><fields></fields></org.mule.common.metadata.MetaDataProperties></entry><entry><org.mule.common.metadata.MetaDataPropertyScope>RECORD</org.mule.common.metadata.MetaDataPropertyScope><org.mule.common.metadata.MetaDataProperties><fields></fields></org.mule.common.metadata.MetaDataProperties></entry><entry><org.mule.common.metadata.MetaDataPropertyScope>SESSION</org.mule.common.metadata.MetaDataPropertyScope><org.mule.common.metadata.MetaDataProperties><fields></fields></org.mule.common.metadata.MetaDataProperties></entry><entry><org.mule.common.metadata.MetaDataPropertyScope>INBOUND</org.mule.common.metadata.MetaDataPropertyScope><org.mule.common.metadata.MetaDataProperties><fields></fields></org.mule.common.metadata.MetaDataProperties></entry></properties></input></org.mule.tooling.metadata.cache.DefaultMetadataCacheEntry></entry></map></entry></map></entry><entry><string>Web_Service_Consumer</string><map><entry><string>ListInventory</string><map><entry><string>__default__</string><org.mule.tooling.metadata.cache.DefaultMetadataCacheEntry><input class="org.mule.common.metadata.DefaultMetaData"><payload class="org.mule.common.metadata.DefaultXmlMetaDataModel"><dataType>XML</dataType><metaDataModelPropertiesManager><properties><org.mule.common.metadata.property.TextBasedExampleMetaDataModelProperty></org.mule.common.metadata.property.TextBasedExampleMetaDataModelProperty></properties></metaDataModelPropertiesManager><fields></fields><schemas class="org.mule.common.metadata.StringBasedSchemaProvider"><schemas><string>&lt;?xml version="1.0" encoding="UTF-8"?&gt;&lt;xs:schema xmlns:xs="http://www.w3.org/2001/XMLSchema" xmlns:ns1="http://schemas.xmlsoap.org/soap/http" xmlns:soap="http://schemas.xmlsoap.org/wsdl/soap/" xmlns:tns="http://mulesoft.org/tshirt-service" xmlns:wsdl="http://schemas.xmlsoap.org/wsdl/" xmlns:xsd="http://www.w3.org/2001/XMLSchema" targetNamespace="http://mulesoft.org/tshirt-service" version="1.0"&gt;
&lt;xs:element name="APIUsageInformation"&gt;
&lt;xs:complexType&gt;
&lt;xs:sequence&gt;
&lt;xs:element name="apiCallsRemaining" type="xs:integer"/&gt;
&lt;/xs:sequence&gt;
&lt;/xs:complexType&gt;
&lt;/xs:element&gt;
&lt;xs:element name="AuthenticationHeader"&gt;
&lt;xs:complexType&gt;
&lt;xs:sequence&gt;
&lt;xs:element name="apiKey" type="xs:string"/&gt;
&lt;/xs:sequence&gt;
&lt;/xs:complexType&gt;
&lt;/xs:element&gt;
&lt;xs:element name="ListInventory"&gt;
&lt;xs:complexType&gt;
&lt;xs:sequence/&gt;
&lt;/xs:complexType&gt;
&lt;/xs:element&gt;
&lt;xs:element name="ListInventoryResponse"&gt;
&lt;xs:complexType&gt;
&lt;xs:sequence&gt;
&lt;xs:element maxOccurs="unbounded" name="inventory" type="tns:InventoryItem"/&gt;
&lt;/xs:sequence&gt;
&lt;/xs:complexType&gt;
&lt;/xs:element&gt;
&lt;xs:element name="OrderTshirt"&gt;
&lt;xs:complexType&gt;
&lt;xs:sequence&gt;
&lt;xs:element name="size" type="tns:Size"/&gt;
&lt;xs:element name="email" type="xs:string"/&gt;
&lt;xs:element name="name" type="xs:string"/&gt;
&lt;xs:element name="address1" type="xs:string"/&gt;
&lt;xs:element name="address2" type="xs:string"/&gt;
&lt;xs:element name="city" type="xs:string"/&gt;
&lt;xs:element name="stateOrProvince" type="xs:string"/&gt;
&lt;xs:element name="postalCode" type="xs:string"/&gt;
&lt;xs:element name="country" type="xs:string"/&gt;
&lt;/xs:sequence&gt;
&lt;/xs:complexType&gt;
&lt;/xs:element&gt;
&lt;xs:element name="OrderTshirtResponse"&gt;
&lt;xs:complexType&gt;
&lt;xs:sequence&gt;
&lt;xs:element name="orderId" type="xs:string"/&gt;
&lt;/xs:sequence&gt;
&lt;/xs:complexType&gt;
&lt;/xs:element&gt;
&lt;xs:element name="TrackOrder"&gt;
&lt;xs:complexType&gt;
&lt;xs:sequence&gt;
&lt;xs:element name="email" type="xs:string"/&gt;
&lt;xs:element name="orderId" type="xs:string"/&gt;
&lt;/xs:sequence&gt;
&lt;/xs:complexType&gt;
&lt;/xs:element&gt;
&lt;xs:element name="TrackOrderResponse"&gt;
&lt;xs:complexType&gt;
&lt;xs:all&gt;
&lt;xs:element name="orderId" type="xs:string"/&gt;
&lt;xs:element name="status" type="xs:string"/&gt;
&lt;xs:element name="size" type="tns:Size"/&gt;
&lt;/xs:all&gt;
&lt;/xs:complexType&gt;
&lt;/xs:element&gt;
&lt;xs:element name="TshirtFault"&gt;
&lt;xs:complexType&gt;
&lt;xs:sequence&gt;
&lt;xs:element name="errorMessage" type="xs:string"/&gt;
&lt;/xs:sequence&gt;
&lt;/xs:complexType&gt;
&lt;/xs:element&gt;
&lt;xs:complexType name="InventoryItem"&gt;
&lt;xs:sequence&gt;
&lt;xs:element name="productCode" type="xs:string"/&gt;
&lt;xs:element name="size" type="tns:Size"/&gt;
&lt;xs:element name="description" type="xs:string"/&gt;
&lt;xs:element name="count" type="xs:integer"/&gt;
&lt;/xs:sequence&gt;
&lt;/xs:complexType&gt;
&lt;xs:simpleType name="Size"&gt;
&lt;xs:restriction base="xs:string"&gt;
&lt;xs:enumeration value="S"/&gt;
&lt;xs:enumeration value="M"/&gt;
&lt;xs:enumeration value="L"/&gt;
&lt;xs:enumeration value="XL"/&gt;
&lt;xs:enumeration value="XXL"/&gt;
&lt;/xs:restriction&gt;
&lt;/xs:simpleType&gt;
&lt;/xs:schema&gt;</string></schemas><encoding reference="../../../../../../../../../../entry/map/entry/map/entry/org.mule.tooling.metadata.cache.DefaultMetadataCacheEntry/input/payload/schemas/encoding"></encoding><baseUri>http://tshirt-service.cloudhub.io/?wsdl</baseUri></schemas><rootElement><namespaceURI>http://mulesoft.org/tshirt-service</namespaceURI><localPart>ListInventory</localPart><prefix></prefix></rootElement></payload><properties><entry><org.mule.common.metadata.MetaDataPropertyScope>OUTBOUND</org.mule.common.metadata.MetaDataPropertyScope><org.mule.common.metadata.MetaDataProperties><fields></fields></org.mule.common.metadata.MetaDataProperties></entry><entry><org.mule.common.metadata.MetaDataPropertyScope>FLOW</org.mule.common.metadata.MetaDataPropertyScope><org.mule.common.metadata.MetaDataProperties><fields></fields></org.mule.common.metadata.MetaDataProperties></entry><entry><org.mule.common.metadata.MetaDataPropertyScope>RECORD</org.mule.common.metadata.MetaDataPropertyScope><org.mule.common.metadata.MetaDataProperties><fields></fields></org.mule.common.metadata.MetaDataProperties></entry><entry><org.mule.common.metadata.MetaDataPropertyScope>SESSION</org.mule.common.metadata.MetaDataPropertyScope><org.mule.common.metadata.MetaDataProperties><fields></fields></org.mule.common.metadata.MetaDataProperties></entry><entry><org.mule.common.metadata.MetaDataPropertyScope>INBOUND</org.mule.common.metadata.MetaDataPropertyScope><org.mule.common.metadata.MetaDataProperties><fields></fields></org.mule.common.metadata.MetaDataProperties></entry></properties></input><output class="org.mule.common.metadata.DefaultMetaData"><payload class="org.mule.common.metadata.DefaultXmlMetaDataModel" reference="../../../../../../../../entry[4]/map/entry/map/entry/org.mule.tooling.metadata.cache.DefaultMetadataCacheEntry/input/payload"></payload><properties><entry><org.mule.common.metadata.MetaDataPropertyScope>OUTBOUND</org.mule.common.metadata.MetaDataPropertyScope><org.mule.common.metadata.MetaDataProperties><fields></fields></org.mule.common.metadata.MetaDataProperties></entry><entry><org.mule.common.metadata.MetaDataPropertyScope>FLOW</org.mule.common.metadata.MetaDataPropertyScope><org.mule.common.metadata.MetaDataProperties><fields></fields></org.mule.common.metadata.MetaDataProperties></entry><entry><org.mule.common.metadata.MetaDataPropertyScope>RECORD</org.mule.common.metadata.MetaDataPropertyScope><org.mule.common.metadata.MetaDataProperties><fields></fields></org.mule.common.metadata.MetaDataProperties></entry><entry><org.mule.common.metadata.MetaDataPropertyScope>SESSION</org.mule.common.metadata.MetaDataPropertyScope><org.mule.common.metadata.MetaDataProperties><fields></fields></org.mule.common.metadata.MetaDataProperties></entry><entry><org.mule.common.metadata.MetaDataPropertyScope>INBOUND</org.mule.common.metadata.MetaDataPropertyScope><org.mule.common.metadata.MetaDataProperties><fields></fields></org.mule.common.metadata.MetaDataProperties></entry></properties></output></org.mule.tooling.metadata.cache.DefaultMetadataCacheEntry></entry></map></entry></map></entry><entry><string>Xml_OrderTshirtResponse__To_JSON</string><map><entry><string>http://www.mulesoft.org/schema/mule/ee/data-mapper/transform</string><map><entry><string>__default__</string><org.mule.tooling.metadata.cache.DefaultMetadataCacheEntry><input class="org.mule.common.metadata.DefaultMetaData"><payload class="org.mule.common.metadata.DefaultXmlMetaDataModel" reference="../../../../../../../../entry[2]/map/entry/map/entry/org.mule.tooling.metadata.cache.DefaultMetadataCacheEntry/output/payload"></payload><properties><entry><org.mule.common.metadata.MetaDataPropertyScope>OUTBOUND</org.mule.common.metadata.MetaDataPropertyScope><org.mule.common.metadata.MetaDataProperties><fields></fields></org.mule.common.metadata.MetaDataProperties></entry><entry><org.mule.common.metadata.MetaDataPropertyScope>FLOW</org.mule.common.metadata.MetaDataPropertyScope><org.mule.common.metadata.MetaDataProperties><fields></fields></org.mule.common.metadata.MetaDataProperties></entry><entry><org.mule.common.metadata.MetaDataPropertyScope>RECORD</org.mule.common.metadata.MetaDataPropertyScope><org.mule.common.metadata.MetaDataProperties><fields></fields></org.mule.common.metadata.MetaDataProperties></entry><entry><org.mule.common.metadata.MetaDataPropertyScope>SESSION</org.mule.common.metadata.MetaDataPropertyScope><org.mule.common.metadata.MetaDataProperties><fields></fields></org.mule.common.metadata.MetaDataProperties></entry><entry><org.mule.common.metadata.MetaDataPropertyScope>INBOUND</org.mule.common.metadata.MetaDataPropertyScope><org.mule.common.metadata.MetaDataProperties><fields></fields></org.mule.common.metadata.MetaDataProperties></entry></properties></input></org.mule.tooling.metadata.cache.DefaultMetadataCacheEntry></entry></map></entry></map></entry><entry><string>JSON_To_Xml_OrderTshirt_</string><map><entry><string>http://www.mulesoft.org/schema/mule/ee/data-mapper/transform</string><map><entry><string>__default__</string><org.mule.tooling.metadata.cache.DefaultMetadataCacheEntry><output class="org.mule.common.metadata.DefaultMetaData"><payload class="org.mule.common.metadata.DefaultXmlMetaDataModel" reference="../../../../../../../../entry[2]/map/entry/map/entry/org.mule.tooling.metadata.cache.DefaultMetadataCacheEntry/input/payload"></payload><properties><entry><org.mule.common.metadata.MetaDataPropertyScope>OUTBOUND</org.mule.common.metadata.MetaDataPropertyScope><org.mule.common.metadata.MetaDataProperties><fields></fields></org.mule.common.metadata.MetaDataProperties></entry><entry><org.mule.common.metadata.MetaDataPropertyScope>FLOW</org.mule.common.metadata.MetaDataPropertyScope><org.mule.common.metadata.MetaDataProperties><fields></fields></org.mule.common.metadata.MetaDataProperties></entry><entry><org.mule.common.metadata.MetaDataPropertyScope>RECORD</org.mule.common.metadata.MetaDataPropertyScope><org.mule.common.metadata.MetaDataProperties><fields></fields></org.mule.common.metadata.MetaDataProperties></entry><entry><org.mule.common.metadata.MetaDataPropertyScope>SESSION</org.mule.common.metadata.MetaDataPropertyScope><org.mule.common.metadata.MetaDataProperties><fields></fields></org.mule.common.metadata.MetaDataProperties></entry><entry><org.mule.common.metadata.MetaDataPropertyScope>INBOUND</org.mule.common.metadata.MetaDataPropertyScope><org.mule.common.metadata.MetaDataProperties><fields></fields></org.mule.common.metadata.MetaDataProperties></entry></properties></output></org.mule.tooling.metadata.cache.DefaultMetadataCacheEntry></entry></map></entry></map></entry><entry><string>Xml_TrackOrderResponse__To_JSON</string><map><entry><string>http://www.mulesoft.org/schema/mule/ee/data-mapper/transform</string><map><entry><string>__default__</string><org.mule.tooling.metadata.cache.DefaultMetadataCacheEntry><input class="org.mule.common.metadata.DefaultMetaData"><payload class="org.mule.common.metadata.DefaultXmlMetaDataModel" reference="../../../../../../../../entry/map/entry/map/entry/org.mule.tooling.metadata.cache.DefaultMetadataCacheEntry/output/payload"></payload><properties><entry><org.mule.common.metadata.MetaDataPropertyScope>OUTBOUND</org.mule.common.metadata.MetaDataPropertyScope><org.mule.common.metadata.MetaDataProperties><fields></fields></org.mule.common.metadata.MetaDataProperties></entry><entry><org.mule.common.metadata.MetaDataPropertyScope>FLOW</org.mule.common.metadata.MetaDataPropertyScope><org.mule.common.metadata.MetaDataProperties><fields></fields></org.mule.common.metadata.MetaDataProperties></entry><entry><org.mule.common.metadata.MetaDataPropertyScope>RECORD</org.mule.common.metadata.MetaDataPropertyScope><org.mule.common.metadata.MetaDataProperties><fields></fields></org.mule.common.metadata.MetaDataProperties></entry><entry><org.mule.common.metadata.MetaDataPropertyScope>SESSION</org.mule.common.metadata.MetaDataPropertyScope><org.mule.common.metadata.MetaDataProperties><fields></fields></org.mule.common.metadata.MetaDataProperties></entry><entry><org.mule.common.metadata.MetaDataPropertyScope>INBOUND</org.mule.common.metadata.MetaDataPropertyScope><org.mule.common.metadata.MetaDataProperties><fields></fields></org.mule.common.metadata.MetaDataProperties></entry></properties></input></org.mule.tooling.metadata.cache.DefaultMetadataCacheEntry></entry></map></entry></map></entry></projectMetadataCache></org.mule.tooling.metadata.cache.MetadataCache>