<?xml version="1.0" encoding="UTF-8"?>
<project xmlns="http://maven.apache.org/POM/4.0.0" xmlns:xsi="http://www.w3.org/2001/XMLSchema-instance" xsi:schemaLocation="http://maven.apache.org/POM/4.0.0 http://maven.apache.org/maven-v4_0_0.xsd">
  <parent>
    <artifactId>mule-devkit-parent</artifactId>
    <groupId>org.mule.tools.devkit</groupId>
    <version>3.6.0</version>
    <relativePath>../pom.xml/pom.xml</relativePath>
  </parent>
  <modelVersion>4.0.0</modelVersion>
  <groupId>org.mule.modules</groupId>
  <artifactId>sunsetrise-connector</artifactId>
  <packaging>mule-module</packaging>
  <name>Mule Sunsetrise Anypoint Connector</name>
  <version>1.0.0-SNAPSHOT</version>
  <build>
    <plugins>
      <plugin>
        <groupId>org.codehaus.mojo</groupId>
        <artifactId>build-helper-maven-plugin</artifactId>
        <version>1.7</version>
        <executions>
          <execution>
            <id>add-source</id>
            <phase>generate-sources</phase>
            <goals>
              <goal>add-source</goal>
            </goals>
            <configuration>
              <sources>
                <source>${basedir}/target/generated-sources/cxf</source>
              </sources>
            </configuration>
          </execution>
        </executions>
      </plugin>
      <plugin>
        <groupId>org.apache.cxf</groupId>
        <artifactId>cxf-codegen-plugin</artifactId>
        <version>${cxf.version}</version>
        <executions>
          <execution>
            <phase>clean</phase>
            <goals>
              <goal>wsdl2java</goal>
            </goals>
            <configuration>
              <wsdlOptions>
                <wsdlOption>
                  <wsdl>http://www.webservicex.net/sunsetriseservice.asmx?WSDL</wsdl>
                  <autoNameResolution>true</autoNameResolution>
                  <extendedSoapHeaders>false</extendedSoapHeaders>
                  <extraargs>
                    <extraarg>-p</extraarg>
                    <extraarg>${connector.package}</extraarg>
                    <extraarg>-xjc-Xbg</extraarg>
                    <extraarg>-xjc-Xcollection-setter-injector</extraarg>
                  </extraargs>
                </wsdlOption>
              </wsdlOptions>
            </configuration>
          </execution>
        </executions>
        <dependencies>
          <dependency>
            <groupId>org.apache.cxf.xjcplugins</groupId>
            <artifactId>cxf-xjc-boolean</artifactId>
            <version>${cxf.version.boolean}</version>
          </dependency>
          <dependency>
            <groupId>net.java.dev.vcc.thirdparty</groupId>
            <artifactId>collection-setter-injector</artifactId>
            <version>0.5.0-1</version>
          </dependency>
        </dependencies>
      </plugin>
    </plugins>
  </build>
  <repositories>
    <repository>
      <id>mulesoft-releases</id>
      <name>MuleSoft Releases Repository</name>
      <url>http://repository.mulesoft.org/releases/</url>
    </repository>
    <repository>
      <id>mulesoft-snapshots</id>
      <name>MuleSoft Snapshots Repository</name>
      <url>http://repository.mulesoft.org/snapshots/</url>
    </repository>
  </repositories>
  <dependencies>
    <dependency>
      <groupId>org.mule.modules</groupId>
      <artifactId>mule-module-cxf</artifactId>
      <version>3.6.0</version>
      <scope>provided</scope>
      <exclusions>
        <exclusion>
          <artifactId>cxf-rt-core</artifactId>
          <groupId>org.apache.cxf</groupId>
        </exclusion>
        <exclusion>
          <artifactId>cxf-rt-frontend-simple</artifactId>
          <groupId>org.apache.cxf</groupId>
        </exclusion>
        <exclusion>
          <artifactId>cxf-rt-frontend-jaxws</artifactId>
          <groupId>org.apache.cxf</groupId>
        </exclusion>
        <exclusion>
          <artifactId>cxf-rt-databinding-aegis</artifactId>
          <groupId>org.apache.cxf</groupId>
        </exclusion>
        <exclusion>
          <artifactId>cxf-rt-databinding-jaxb</artifactId>
          <groupId>org.apache.cxf</groupId>
        </exclusion>
        <exclusion>
          <artifactId>cxf-rt-databinding-jibx</artifactId>
          <groupId>org.apache.cxf</groupId>
        </exclusion>
        <exclusion>
          <artifactId>cxf-rt-transports-local</artifactId>
          <groupId>org.apache.cxf</groupId>
        </exclusion>
        <exclusion>
          <artifactId>cxf-rt-ws-security</artifactId>
          <groupId>org.apache.cxf</groupId>
        </exclusion>
        <exclusion>
          <artifactId>cxf-rt-ws-rm</artifactId>
          <groupId>org.apache.cxf</groupId>
        </exclusion>
        <exclusion>
          <artifactId>cxf-rt-ws-addr</artifactId>
          <groupId>org.apache.cxf</groupId>
        </exclusion>
        <exclusion>
          <artifactId>cxf-rt-transports-http</artifactId>
          <groupId>org.apache.cxf</groupId>
        </exclusion>
        <exclusion>
          <artifactId>cxf-wstx-msv-validation</artifactId>
          <groupId>org.apache.cxf</groupId>
        </exclusion>
        <exclusion>
          <artifactId>mule-module-spring-security</artifactId>
          <groupId>org.mule.modules</groupId>
        </exclusion>
        <exclusion>
          <artifactId>mule-module-xml</artifactId>
          <groupId>org.mule.modules</groupId>
        </exclusion>
        <exclusion>
          <artifactId>mule-transport-tcp</artifactId>
          <groupId>org.mule.transports</groupId>
        </exclusion>
        <exclusion>
          <artifactId>mule-module-http</artifactId>
          <groupId>org.mule.modules</groupId>
        </exclusion>
        <exclusion>
          <artifactId>Saxon-HE</artifactId>
          <groupId>net.sf.saxon</groupId>
        </exclusion>
        <exclusion>
          <artifactId>javax.annotation-api</artifactId>
          <groupId>javax.annotation</groupId>
        </exclusion>
        <exclusion>
          <artifactId>spring-beans</artifactId>
          <groupId>org.springframework</groupId>
        </exclusion>
        <exclusion>
          <artifactId>spring-core</artifactId>
          <groupId>org.springframework</groupId>
        </exclusion>
        <exclusion>
          <artifactId>spring-context</artifactId>
          <groupId>org.springframework</groupId>
        </exclusion>
        <exclusion>
          <artifactId>mail</artifactId>
          <groupId>javax.mail</groupId>
        </exclusion>
        <exclusion>
          <artifactId>ant</artifactId>
          <groupId>org.apache.ant</groupId>
        </exclusion>
      </exclusions>
    </dependency>
    <dependency>
      <groupId>org.mule</groupId>
      <artifactId>mule-core</artifactId>
      <version>3.6.0</version>
      <scope>provided</scope>
      <exclusions>
        <exclusion>
          <artifactId>commons-beanutils</artifactId>
          <groupId>commons-beanutils</groupId>
        </exclusion>
        <exclusion>
          <artifactId>uuid</artifactId>
          <groupId>com.github.stephenc.eaio-uuid</groupId>
        </exclusion>
        <exclusion>
          <artifactId>commons-cli</artifactId>
          <groupId>commons-cli</groupId>
        </exclusion>
        <exclusion>
          <artifactId>commons-collections</artifactId>
          <groupId>commons-collections</groupId>
        </exclusion>
        <exclusion>
          <artifactId>commons-io</artifactId>
          <groupId>commons-io</groupId>
        </exclusion>
        <exclusion>
          <artifactId>commons-lang</artifactId>
          <groupId>commons-lang</groupId>
        </exclusion>
        <exclusion>
          <artifactId>commons-pool</artifactId>
          <groupId>commons-pool</groupId>
        </exclusion>
        <exclusion>
          <artifactId>geronimo-jta_1.1_spec</artifactId>
          <groupId>org.apache.geronimo.specs</groupId>
        </exclusion>
        <exclusion>
          <artifactId>geronimo-j2ee-connector_1.5_spec</artifactId>
          <groupId>org.apache.geronimo.specs</groupId>
        </exclusion>
        <exclusion>
          <artifactId>disruptor</artifactId>
          <groupId>com.lmax</groupId>
        </exclusion>
        <exclusion>
          <artifactId>slf4j-api</artifactId>
          <groupId>org.slf4j</groupId>
        </exclusion>
        <exclusion>
          <artifactId>log4j-api</artifactId>
          <groupId>org.apache.logging.log4j</groupId>
        </exclusion>
        <exclusion>
          <artifactId>log4j-core</artifactId>
          <groupId>org.apache.logging.log4j</groupId>
        </exclusion>
        <exclusion>
          <artifactId>log4j-slf4j-impl</artifactId>
          <groupId>org.apache.logging.log4j</groupId>
        </exclusion>
        <exclusion>
          <artifactId>log4j-1.2-api</artifactId>
          <groupId>org.apache.logging.log4j</groupId>
        </exclusion>
        <exclusion>
          <artifactId>log4j-jcl</artifactId>
          <groupId>org.apache.logging.log4j</groupId>
        </exclusion>
        <exclusion>
          <artifactId>jcl-over-slf4j</artifactId>
          <groupId>org.slf4j</groupId>
        </exclusion>
        <exclusion>
          <artifactId>log4j-jul</artifactId>
          <groupId>org.apache.logging.log4j</groupId>
        </exclusion>
        <exclusion>
          <artifactId>asm</artifactId>
          <groupId>asm</groupId>
        </exclusion>
        <exclusion>
          <artifactId>asm-commons</artifactId>
          <groupId>asm</groupId>
        </exclusion>
        <exclusion>
          <artifactId>mule-mvel2</artifactId>
          <groupId>org.mule.mvel</groupId>
        </exclusion>
        <exclusion>
          <artifactId>jgrapht-jdk1.5</artifactId>
          <groupId>org.jgrapht</groupId>
        </exclusion>
        <exclusion>
          <artifactId>guava</artifactId>
          <groupId>com.google.guava</groupId>
        </exclusion>
      </exclusions>
    </dependency>
    <dependency>
      <groupId>org.mule.tools.devkit</groupId>
      <artifactId>mule-devkit-annotations</artifactId>
      <version>3.6.0</version>
      <scope>provided</scope>
      <exclusions>
        <exclusion>
          <artifactId>javax.inject</artifactId>
          <groupId>javax.inject</groupId>
        </exclusion>
        <exclusion>
          <artifactId>mule-module-annotations</artifactId>
          <groupId>org.mule.modules</groupId>
        </exclusion>
      </exclusions>
    </dependency>
    <dependency>
      <groupId>org.mule.modules</groupId>
      <artifactId>mule-module-spring-config</artifactId>
      <version>3.6.0</version>
      <scope>provided</scope>
      <exclusions>
        <exclusion>
          <artifactId>dom4j</artifactId>
          <groupId>dom4j</groupId>
        </exclusion>
        <exclusion>
          <artifactId>jaxen</artifactId>
          <groupId>jaxen</groupId>
        </exclusion>
        <exclusion>
          <artifactId>mule-module-annotations</artifactId>
          <groupId>org.mule.modules</groupId>
        </exclusion>
        <exclusion>
          <artifactId>spring-context</artifactId>
          <groupId>org.springframework</groupId>
        </exclusion>
      </exclusions>
      <optional>true</optional>
    </dependency>
    <dependency>
      <groupId>org.mule.modules</groupId>
      <artifactId>mule-module-devkit-support</artifactId>
      <version>3.6.0</version>
      <scope>provided</scope>
      <exclusions>
        <exclusion>
          <artifactId>signpost-core</artifactId>
          <groupId>oauth.signpost</groupId>
        </exclusion>
        <exclusion>
          <artifactId>mule-module-http</artifactId>
          <groupId>org.mule.modules</groupId>
        </exclusion>
      </exclusions>
    </dependency>
    <dependency>
      <groupId>junit</groupId>
      <artifactId>junit-dep</artifactId>
      <version>4.10</version>
      <scope>test</scope>
      <exclusions>
        <exclusion>
          <artifactId>hamcrest-core</artifactId>
          <groupId>org.hamcrest</groupId>
        </exclusion>
      </exclusions>
    </dependency>
    <dependency>
      <groupId>org.mule.tests</groupId>
      <artifactId>mule-tests-functional</artifactId>
      <version>3.6.0</version>
      <scope>test</scope>
      <exclusions>
        <exclusion>
          <artifactId>junit</artifactId>
          <groupId>junit</groupId>
        </exclusion>
        <exclusion>
          <artifactId>spring-aop</artifactId>
          <groupId>org.springframework</groupId>
        </exclusion>
        <exclusion>
          <artifactId>hamcrest-library</artifactId>
          <groupId>org.hamcrest</groupId>
        </exclusion>
        <exclusion>
          <artifactId>commons-net</artifactId>
          <groupId>commons-net</groupId>
        </exclusion>
        <exclusion>
          <artifactId>ftpserver-core</artifactId>
          <groupId>org.apache.ftpserver</groupId>
        </exclusion>
        <exclusion>
          <artifactId>ftplet-api</artifactId>
          <groupId>org.apache.ftpserver</groupId>
        </exclusion>
        <exclusion>
          <artifactId>sshd-core</artifactId>
          <groupId>org.apache.sshd</groupId>
        </exclusion>
        <exclusion>
          <artifactId>bcprov-jdk16</artifactId>
          <groupId>org.bouncycastle</groupId>
        </exclusion>
        <exclusion>
          <artifactId>commons-dbutils</artifactId>
          <groupId>commons-dbutils</groupId>
        </exclusion>
        <exclusion>
          <artifactId>mule-core</artifactId>
          <groupId>org.mule</groupId>
        </exclusion>
        <exclusion>
          <artifactId>mockito-core</artifactId>
          <groupId>org.mockito</groupId>
        </exclusion>
        <exclusion>
          <artifactId>spring-beans</artifactId>
          <groupId>org.springframework</groupId>
        </exclusion>
      </exclusions>
    </dependency>
    <dependency>
      <groupId>org.mule.modules</groupId>
      <artifactId>mule-module-jersey</artifactId>
      <version>3.6.0</version>
      <scope>provided</scope>
      <exclusions>
        <exclusion>
          <artifactId>mule-pattern-core</artifactId>
          <groupId>org.mule.patterns</groupId>
        </exclusion>
        <exclusion>
          <artifactId>mule-transport-vm</artifactId>
          <groupId>org.mule.transports</groupId>
        </exclusion>
        <exclusion>
          <artifactId>jersey-common</artifactId>
          <groupId>org.glassfish.jersey.core</groupId>
        </exclusion>
        <exclusion>
          <artifactId>jersey-server</artifactId>
          <groupId>org.glassfish.jersey.core</groupId>
        </exclusion>
        <exclusion>
          <artifactId>jersey-media-json-jackson1</artifactId>
          <groupId>org.glassfish.jersey.media</groupId>
        </exclusion>
        <exclusion>
          <artifactId>jersey-media-json-jettison</artifactId>
          <groupId>org.glassfish.jersey.media</groupId>
        </exclusion>
      </exclusions>
    </dependency>
    <dependency>
      <groupId>org.mule.modules</groupId>
      <artifactId>mule-module-json</artifactId>
      <version>3.6.0</version>
      <scope>provided</scope>
      <exclusions>
        <exclusion>
          <artifactId>jackson-core-asl</artifactId>
          <groupId>org.codehaus.jackson</groupId>
        </exclusion>
        <exclusion>
          <artifactId>jackson-mapper-asl</artifactId>
          <groupId>org.codehaus.jackson</groupId>
        </exclusion>
        <exclusion>
          <artifactId>jackson-xc</artifactId>
          <groupId>org.codehaus.jackson</groupId>
        </exclusion>
        <exclusion>
          <artifactId>staxon</artifactId>
          <groupId>de.odysseus.staxon</groupId>
        </exclusion>
        <exclusion>
          <artifactId>stax2-api</artifactId>
          <groupId>org.codehaus.woodstox</groupId>
        </exclusion>
        <exclusion>
          <artifactId>json-schema-validator</artifactId>
          <groupId>com.github.fge</groupId>
        </exclusion>
        <exclusion>
          <artifactId>jackson-databind</artifactId>
          <groupId>com.fasterxml.jackson.core</groupId>
        </exclusion>
        <exclusion>
          <artifactId>mule-module-xml</artifactId>
          <groupId>org.mule.modules</groupId>
        </exclusion>
        <exclusion>
          <artifactId>mail</artifactId>
          <groupId>javax.mail</groupId>
        </exclusion>
      </exclusions>
    </dependency>
    <dependency>
      <groupId>org.mule.transports</groupId>
      <artifactId>mule-transport-http</artifactId>
      <version>3.6.0</version>
      <scope>provided</scope>
      <exclusions>
        <exclusion>
          <artifactId>mule-transport-ssl</artifactId>
          <groupId>org.mule.transports</groupId>
        </exclusion>
        <exclusion>
          <artifactId>commons-codec</artifactId>
          <groupId>commons-codec</groupId>
        </exclusion>
        <exclusion>
          <artifactId>commons-httpclient</artifactId>
          <groupId>commons-httpclient</groupId>
        </exclusion>
        <exclusion>
          <artifactId>coyote</artifactId>
          <groupId>org.apache.tomcat</groupId>
        </exclusion>
        <exclusion>
          <artifactId>jcifs</artifactId>
          <groupId>org.samba.jcifs</groupId>
        </exclusion>
        <exclusion>
          <artifactId>joda-time</artifactId>
          <groupId>joda-time</groupId>
        </exclusion>
        <exclusion>
          <artifactId>mule-module-http</artifactId>
          <groupId>org.mule.modules</groupId>
        </exclusion>
      </exclusions>
    </dependency>
    <dependency>
      <groupId>org.mockito</groupId>
      <artifactId>mockito-all</artifactId>
      <version>1.8.5</version>
      <scope>test</scope>
    </dependency>
    <dependency>
      <groupId>org.mule.modules</groupId>
      <artifactId>mule-connector-test</artifactId>
      <version>2.0.6</version>
      <scope>test</scope>
    </dependency>
    <dependency>
      <groupId>javax.validation</groupId>
      <artifactId>validation-api</artifactId>
      <version>1.0.0.GA</version>
      <scope>provided</scope>
    </dependency>
    <dependency>
      <groupId>eclipse</groupId>
      <artifactId>eclipse-runtime</artifactId>
      <version>2.1.0</version>
      <scope>provided</scope>
    </dependency>
    <dependency>
      <groupId>org.eclipse</groupId>
      <artifactId>eclipse-workbench</artifactId>
      <version>3.6.1.M20100826-1330</version>
      <scope>provided</scope>
    </dependency>
    <dependency>
      <groupId>org.eclipse</groupId>
      <artifactId>eclipse-runtime</artifactId>
      <version>3.6.0.v20100505</version>
      <scope>provided</scope>
    </dependency>
    <dependency>
      <groupId>org.osgi</groupId>
      <artifactId>core</artifactId>
      <version>4.3.0</version>
      <scope>provided</scope>
    </dependency>
    <dependency>
      <groupId>org.mule.common</groupId>
      <artifactId>mule-common</artifactId>
      <version>3.6.0</version>
      <scope>provided</scope>
      <exclusions>
        <exclusion>
          <artifactId>xmlbeans</artifactId>
          <groupId>org.apache.xmlbeans</groupId>
        </exclusion>
        <exclusion>
          <artifactId>stax-api</artifactId>
          <groupId>javax.xml.stream</groupId>
        </exclusion>
        <exclusion>
          <artifactId>json</artifactId>
          <groupId>org.json</groupId>
        </exclusion>
        <exclusion>
          <artifactId>antlr-runtime</artifactId>
          <groupId>org.antlr</groupId>
        </exclusion>
        <exclusion>
          <artifactId>commons-io</artifactId>
          <groupId>commons-io</groupId>
        </exclusion>
      </exclusions>
    </dependency>
  </dependencies>
  <properties>
    <connector.wsdl>${basedir}/src/main/resources/wsdl/sunsetriseservice.wsdl</connector.wsdl>
    <devkit.studio.package.skip>false</devkit.studio.package.skip>
    <licensePath>LICENSE.md</licensePath>
    <connector.package>org.mule.modules.sunsetrise.api</connector.package>
    <category>Community</category>
    <connector.generator.version>1.0.4</connector.generator.version>
    <connector.wsdlLocation>classpath:wsdl/sunsetriseservice.wsdl</connector.wsdlLocation>
    <cxf.version.boolean>2.6.0</cxf.version.boolean>
  </properties>
</project>

