<?xml version="1.0" encoding="UTF-8"?>

<mule xmlns:tracking="http://www.mulesoft.org/schema/mule/ee/tracking" xmlns:b2b="http://www.mulesoft.org/schema/mule/b2b" xmlns:file="http://www.mulesoft.org/schema/mule/file" xmlns="http://www.mulesoft.org/schema/mule/core" xmlns:doc="http://www.mulesoft.org/schema/mule/documentation"
	xmlns:spring="http://www.springframework.org/schema/beans" version="EE-3.7.0"
	xmlns:xsi="http://www.w3.org/2001/XMLSchema-instance"
	xsi:schemaLocation="http://www.springframework.org/schema/beans http://www.springframework.org/schema/beans/spring-beans-current.xsd
http://www.mulesoft.org/schema/mule/core http://www.mulesoft.org/schema/mule/core/current/mule.xsd
http://www.mulesoft.org/schema/mule/file http://www.mulesoft.org/schema/mule/file/current/mule-file.xsd
http://www.mulesoft.org/schema/mule/b2b http://www.mulesoft.org/schema/mule/b2b/current/mule-b2b.xsd
http://www.mulesoft.org/schema/mule/ee/tracking http://www.mulesoft.org/schema/mule/ee/tracking/current/mule-tracking-ee.xsd">
    <b2b:config name="B2B" apiKey="" doc:name="B2B"/>
    
    <flow name="b2b-track-transmission-flow">
        <file:inbound-endpoint responseTimeout="10000" doc:name="File" path="outbox"/>
        <object-to-string-transformer doc:name="Object to String"/>
 		<b2b:track-transmission config-ref="B2B" direction="INBOUND" doc:name="B2B" filename="#[flowVars.originalFilename]" fromPartyIdentifier="#[xpath3('/PurchaseOrder/Address/Name')]" toPartyIdentifier="My Organisation" formatType="XML" content-ref="#[payload]">
            <b2b:metadata>
                <b2b:metadatum key="PurchaseOrderNumber">#[xpath3('/PurchaseOrder/@PurchaseOrderNumber')]</b2b:metadatum>
                <b2b:metadatum key="OrderDate">#[xpath3('/PurchaseOrder/@OrderDate')]</b2b:metadatum>
            </b2b:metadata>
        </b2b:track-transmission>
        <file:outbound-endpoint path="inbox" responseTimeout="10000" doc:name="File"/> 
    </flow>
</mule>
