<?xml version="1.0" ?><org.mule.tooling.metadata.cache.MetadataCache><version>3.5.0.06</version><projectMetadataCache><entry><string>SunsetriseConfig</string><map><entry><string>http://www.mulesoft.org/schema/mule/sunsetrise/get-sun-set-rise-time</string><map><entry><string>__default__</string><org.mule.tooling.metadata.cache.DefaultMetadataCacheEntry><input class="org.mule.common.metadata.DefaultMetaData"><payload class="org.mule.common.metadata.DefaultPojoMetaDataModel"><implementationClass>org.mule.modules.sunsetrise.api.LatLonDate</implementationClass><dataType>POJO</dataType><metaDataModelPropertiesManager><properties></properties></metaDataModelPropertiesManager><fields><org.mule.common.metadata.DefaultMetaDataField><name>day</name><model class="org.mule.common.metadata.DefaultSimpleMetaDataModel"><dataType>INTEGER</dataType><metaDataModelPropertiesManager><properties></properties></metaDataModelPropertiesManager></model><accessType>READ_WRITE</accessType><metaDataFieldPropertyManager><properties><org.mule.common.metadata.field.property.dsql.DsqlSelectMetaDataFieldProperty></org.mule.common.metadata.field.property.dsql.DsqlSelectMetaDataFieldProperty><org.mule.common.metadata.field.property.dsql.DsqlWhereMetaDataFieldProperty></org.mule.common.metadata.field.property.dsql.DsqlWhereMetaDataFieldProperty><org.mule.common.metadata.field.property.dsql.DsqlOrderMetaDataFieldProperty></org.mule.common.metadata.field.property.dsql.DsqlOrderMetaDataFieldProperty><org.mule.common.metadata.field.property.dsql.DsqlQueryOperatorsMetaDataFieldProperty><supportedOperators><org.mule.common.query.expression.LessOperator></org.mule.common.query.expression.LessOperator><org.mule.common.query.expression.LessOrEqualsOperator></org.mule.common.query.expression.LessOrEqualsOperator><org.mule.common.query.expression.EqualsOperator></org.mule.common.query.expression.EqualsOperator><org.mule.common.query.expression.GreaterOperator></org.mule.common.query.expression.GreaterOperator><org.mule.common.query.expression.GreaterOrEqualsOperator></org.mule.common.query.expression.GreaterOrEqualsOperator><org.mule.common.query.expression.NotEqualsOperator></org.mule.common.query.expression.NotEqualsOperator></supportedOperators></org.mule.common.metadata.field.property.dsql.DsqlQueryOperatorsMetaDataFieldProperty></properties></metaDataFieldPropertyManager></org.mule.common.metadata.DefaultMetaDataField><org.mule.common.metadata.DefaultMetaDataField><name>latitude</name><model class="org.mule.common.metadata.DefaultSimpleMetaDataModel"><dataType>DOUBLE</dataType><metaDataModelPropertiesManager><properties></properties></metaDataModelPropertiesManager></model><accessType>READ_WRITE</accessType><metaDataFieldPropertyManager><properties><org.mule.common.metadata.field.property.dsql.DsqlSelectMetaDataFieldProperty></org.mule.common.metadata.field.property.dsql.DsqlSelectMetaDataFieldProperty><org.mule.common.metadata.field.property.dsql.DsqlWhereMetaDataFieldProperty></org.mule.common.metadata.field.property.dsql.DsqlWhereMetaDataFieldProperty><org.mule.common.metadata.field.property.dsql.DsqlOrderMetaDataFieldProperty></org.mule.common.metadata.field.property.dsql.DsqlOrderMetaDataFieldProperty><org.mule.common.metadata.field.property.dsql.DsqlQueryOperatorsMetaDataFieldProperty><supportedOperators><org.mule.common.query.expression.LessOperator></org.mule.common.query.expression.LessOperator><org.mule.common.query.expression.LessOrEqualsOperator></org.mule.common.query.expression.LessOrEqualsOperator><org.mule.common.query.expression.EqualsOperator></org.mule.common.query.expression.EqualsOperator><org.mule.common.query.expression.GreaterOperator></org.mule.common.query.expression.GreaterOperator><org.mule.common.query.expression.GreaterOrEqualsOperator></org.mule.common.query.expression.GreaterOrEqualsOperator><org.mule.common.query.expression.NotEqualsOperator></org.mule.common.query.expression.NotEqualsOperator></supportedOperators></org.mule.common.metadata.field.property.dsql.DsqlQueryOperatorsMetaDataFieldProperty></properties></metaDataFieldPropertyManager></org.mule.common.metadata.DefaultMetaDataField><org.mule.common.metadata.DefaultMetaDataField><name>longitude</name><model class="org.mule.common.metadata.DefaultSimpleMetaDataModel"><dataType>DOUBLE</dataType><metaDataModelPropertiesManager><properties></properties></metaDataModelPropertiesManager></model><accessType>READ_WRITE</accessType><metaDataFieldPropertyManager><properties><org.mule.common.metadata.field.property.dsql.DsqlSelectMetaDataFieldProperty></org.mule.common.metadata.field.property.dsql.DsqlSelectMetaDataFieldProperty><org.mule.common.metadata.field.property.dsql.DsqlWhereMetaDataFieldProperty></org.mule.common.metadata.field.property.dsql.DsqlWhereMetaDataFieldProperty><org.mule.common.metadata.field.property.dsql.DsqlOrderMetaDataFieldProperty></org.mule.common.metadata.field.property.dsql.DsqlOrderMetaDataFieldProperty><org.mule.common.metadata.field.property.dsql.DsqlQueryOperatorsMetaDataFieldProperty><supportedOperators><org.mule.common.query.expression.LessOperator></org.mule.common.query.expression.LessOperator><org.mule.common.query.expression.LessOrEqualsOperator></org.mule.common.query.expression.LessOrEqualsOperator><org.mule.common.query.expression.EqualsOperator></org.mule.common.query.expression.EqualsOperator><org.mule.common.query.expression.GreaterOperator></org.mule.common.query.expression.GreaterOperator><org.mule.common.query.expression.GreaterOrEqualsOperator></org.mule.common.query.expression.GreaterOrEqualsOperator><org.mule.common.query.expression.NotEqualsOperator></org.mule.common.query.expression.NotEqualsOperator></supportedOperators></org.mule.common.metadata.field.property.dsql.DsqlQueryOperatorsMetaDataFieldProperty></properties></metaDataFieldPropertyManager></org.mule.common.metadata.DefaultMetaDataField><org.mule.common.metadata.DefaultMetaDataField><name>month</name><model class="org.mule.common.metadata.DefaultSimpleMetaDataModel"><dataType>INTEGER</dataType><metaDataModelPropertiesManager><properties></properties></metaDataModelPropertiesManager></model><accessType>READ_WRITE</accessType><metaDataFieldPropertyManager><properties><org.mule.common.metadata.field.property.dsql.DsqlSelectMetaDataFieldProperty></org.mule.common.metadata.field.property.dsql.DsqlSelectMetaDataFieldProperty><org.mule.common.metadata.field.property.dsql.DsqlWhereMetaDataFieldProperty></org.mule.common.metadata.field.property.dsql.DsqlWhereMetaDataFieldProperty><org.mule.common.metadata.field.property.dsql.DsqlOrderMetaDataFieldProperty></org.mule.common.metadata.field.property.dsql.DsqlOrderMetaDataFieldProperty><org.mule.common.metadata.field.property.dsql.DsqlQueryOperatorsMetaDataFieldProperty><supportedOperators><org.mule.common.query.expression.LessOperator></org.mule.common.query.expression.LessOperator><org.mule.common.query.expression.LessOrEqualsOperator></org.mule.common.query.expression.LessOrEqualsOperator><org.mule.common.query.expression.EqualsOperator></org.mule.common.query.expression.EqualsOperator><org.mule.common.query.expression.GreaterOperator></org.mule.common.query.expression.GreaterOperator><org.mule.common.query.expression.GreaterOrEqualsOperator></org.mule.common.query.expression.GreaterOrEqualsOperator><org.mule.common.query.expression.NotEqualsOperator></org.mule.common.query.expression.NotEqualsOperator></supportedOperators></org.mule.common.metadata.field.property.dsql.DsqlQueryOperatorsMetaDataFieldProperty></properties></metaDataFieldPropertyManager></org.mule.common.metadata.DefaultMetaDataField><org.mule.common.metadata.DefaultMetaDataField><name>sunRiseTime</name><model class="org.mule.common.metadata.DefaultSimpleMetaDataModel"><dataType>DOUBLE</dataType><metaDataModelPropertiesManager><properties></properties></metaDataModelPropertiesManager></model><accessType>READ_WRITE</accessType><metaDataFieldPropertyManager><properties><org.mule.common.metadata.field.property.dsql.DsqlSelectMetaDataFieldProperty></org.mule.common.metadata.field.property.dsql.DsqlSelectMetaDataFieldProperty><org.mule.common.metadata.field.property.dsql.DsqlWhereMetaDataFieldProperty></org.mule.common.metadata.field.property.dsql.DsqlWhereMetaDataFieldProperty><org.mule.common.metadata.field.property.dsql.DsqlOrderMetaDataFieldProperty></org.mule.common.metadata.field.property.dsql.DsqlOrderMetaDataFieldProperty><org.mule.common.metadata.field.property.dsql.DsqlQueryOperatorsMetaDataFieldProperty><supportedOperators><org.mule.common.query.expression.LessOperator></org.mule.common.query.expression.LessOperator><org.mule.common.query.expression.LessOrEqualsOperator></org.mule.common.query.expression.LessOrEqualsOperator><org.mule.common.query.expression.EqualsOperator></org.mule.common.query.expression.EqualsOperator><org.mule.common.query.expression.GreaterOperator></org.mule.common.query.expression.GreaterOperator><org.mule.common.query.expression.GreaterOrEqualsOperator></org.mule.common.query.expression.GreaterOrEqualsOperator><org.mule.common.query.expression.NotEqualsOperator></org.mule.common.query.expression.NotEqualsOperator></supportedOperators></org.mule.common.metadata.field.property.dsql.DsqlQueryOperatorsMetaDataFieldProperty></properties></metaDataFieldPropertyManager></org.mule.common.metadata.DefaultMetaDataField><org.mule.common.metadata.DefaultMetaDataField><name>sunSetTime</name><model class="org.mule.common.metadata.DefaultSimpleMetaDataModel"><dataType>DOUBLE</dataType><metaDataModelPropertiesManager><properties></properties></metaDataModelPropertiesManager></model><accessType>READ_WRITE</accessType><metaDataFieldPropertyManager><properties><org.mule.common.metadata.field.property.dsql.DsqlSelectMetaDataFieldProperty></org.mule.common.metadata.field.property.dsql.DsqlSelectMetaDataFieldProperty><org.mule.common.metadata.field.property.dsql.DsqlWhereMetaDataFieldProperty></org.mule.common.metadata.field.property.dsql.DsqlWhereMetaDataFieldProperty><org.mule.common.metadata.field.property.dsql.DsqlOrderMetaDataFieldProperty></org.mule.common.metadata.field.property.dsql.DsqlOrderMetaDataFieldProperty><org.mule.common.metadata.field.property.dsql.DsqlQueryOperatorsMetaDataFieldProperty><supportedOperators><org.mule.common.query.expression.LessOperator></org.mule.common.query.expression.LessOperator><org.mule.common.query.expression.LessOrEqualsOperator></org.mule.common.query.expression.LessOrEqualsOperator><org.mule.common.query.expression.EqualsOperator></org.mule.common.query.expression.EqualsOperator><org.mule.common.query.expression.GreaterOperator></org.mule.common.query.expression.GreaterOperator><org.mule.common.query.expression.GreaterOrEqualsOperator></org.mule.common.query.expression.GreaterOrEqualsOperator><org.mule.common.query.expression.NotEqualsOperator></org.mule.common.query.expression.NotEqualsOperator></supportedOperators></org.mule.common.metadata.field.property.dsql.DsqlQueryOperatorsMetaDataFieldProperty></properties></metaDataFieldPropertyManager></org.mule.common.metadata.DefaultMetaDataField><org.mule.common.metadata.DefaultMetaDataField><name>timeZone</name><model class="org.mule.common.metadata.DefaultSimpleMetaDataModel"><dataType>INTEGER</dataType><metaDataModelPropertiesManager><properties></properties></metaDataModelPropertiesManager></model><accessType>READ_WRITE</accessType><metaDataFieldPropertyManager><properties><org.mule.common.metadata.field.property.dsql.DsqlSelectMetaDataFieldProperty></org.mule.common.metadata.field.property.dsql.DsqlSelectMetaDataFieldProperty><org.mule.common.metadata.field.property.dsql.DsqlWhereMetaDataFieldProperty></org.mule.common.metadata.field.property.dsql.DsqlWhereMetaDataFieldProperty><org.mule.common.metadata.field.property.dsql.DsqlOrderMetaDataFieldProperty></org.mule.common.metadata.field.property.dsql.DsqlOrderMetaDataFieldProperty><org.mule.common.metadata.field.property.dsql.DsqlQueryOperatorsMetaDataFieldProperty><supportedOperators><org.mule.common.query.expression.LessOperator></org.mule.common.query.expression.LessOperator><org.mule.common.query.expression.LessOrEqualsOperator></org.mule.common.query.expression.LessOrEqualsOperator><org.mule.common.query.expression.EqualsOperator></org.mule.common.query.expression.EqualsOperator><org.mule.common.query.expression.GreaterOperator></org.mule.common.query.expression.GreaterOperator><org.mule.common.query.expression.GreaterOrEqualsOperator></org.mule.common.query.expression.GreaterOrEqualsOperator><org.mule.common.query.expression.NotEqualsOperator></org.mule.common.query.expression.NotEqualsOperator></supportedOperators></org.mule.common.metadata.field.property.dsql.DsqlQueryOperatorsMetaDataFieldProperty></properties></metaDataFieldPropertyManager></org.mule.common.metadata.DefaultMetaDataField><org.mule.common.metadata.DefaultMetaDataField><name>year</name><model class="org.mule.common.metadata.DefaultSimpleMetaDataModel"><dataType>INTEGER</dataType><metaDataModelPropertiesManager><properties></properties></metaDataModelPropertiesManager></model><accessType>READ_WRITE</accessType><metaDataFieldPropertyManager><properties><org.mule.common.metadata.field.property.dsql.DsqlSelectMetaDataFieldProperty></org.mule.common.metadata.field.property.dsql.DsqlSelectMetaDataFieldProperty><org.mule.common.metadata.field.property.dsql.DsqlWhereMetaDataFieldProperty></org.mule.common.metadata.field.property.dsql.DsqlWhereMetaDataFieldProperty><org.mule.common.metadata.field.property.dsql.DsqlOrderMetaDataFieldProperty></org.mule.common.metadata.field.property.dsql.DsqlOrderMetaDataFieldProperty><org.mule.common.metadata.field.property.dsql.DsqlQueryOperatorsMetaDataFieldProperty><supportedOperators><org.mule.common.query.expression.LessOperator></org.mule.common.query.expression.LessOperator><org.mule.common.query.expression.LessOrEqualsOperator></org.mule.common.query.expression.LessOrEqualsOperator><org.mule.common.query.expression.EqualsOperator></org.mule.common.query.expression.EqualsOperator><org.mule.common.query.expression.GreaterOperator></org.mule.common.query.expression.GreaterOperator><org.mule.common.query.expression.GreaterOrEqualsOperator></org.mule.common.query.expression.GreaterOrEqualsOperator><org.mule.common.query.expression.NotEqualsOperator></org.mule.common.query.expression.NotEqualsOperator></supportedOperators></org.mule.common.metadata.field.property.dsql.DsqlQueryOperatorsMetaDataFieldProperty></properties></metaDataFieldPropertyManager></org.mule.common.metadata.DefaultMetaDataField></fields><clazzName>org.mule.modules.sunsetrise.api.LatLonDate</clazzName><isInterface>false</isInterface><name>LatLonDate</name><parentNames><string>java.lang.Object</string></parentNames></payload><properties><entry><org.mule.common.metadata.MetaDataPropertyScope>RECORD</org.mule.common.metadata.MetaDataPropertyScope><org.mule.common.metadata.MetaDataProperties><fields></fields></org.mule.common.metadata.MetaDataProperties></entry><entry><org.mule.common.metadata.MetaDataPropertyScope>SESSION</org.mule.common.metadata.MetaDataPropertyScope><org.mule.common.metadata.MetaDataProperties><fields></fields></org.mule.common.metadata.MetaDataProperties></entry><entry><org.mule.common.metadata.MetaDataPropertyScope>OUTBOUND</org.mule.common.metadata.MetaDataPropertyScope><org.mule.common.metadata.MetaDataProperties><fields></fields></org.mule.common.metadata.MetaDataProperties></entry><entry><org.mule.common.metadata.MetaDataPropertyScope>FLOW</org.mule.common.metadata.MetaDataPropertyScope><org.mule.common.metadata.MetaDataProperties><fields></fields></org.mule.common.metadata.MetaDataProperties></entry><entry><org.mule.common.metadata.MetaDataPropertyScope>INBOUND</org.mule.common.metadata.MetaDataPropertyScope><org.mule.common.metadata.MetaDataProperties><fields></fields></org.mule.common.metadata.MetaDataProperties></entry></properties></input><output class="org.mule.common.metadata.DefaultMetaData"><payload class="org.mule.common.metadata.DefaultPojoMetaDataModel"><implementationClass>org.mule.modules.sunsetrise.api.LatLonDate</implementationClass><dataType>POJO</dataType><metaDataModelPropertiesManager><properties></properties></metaDataModelPropertiesManager><fields><org.mule.common.metadata.DefaultMetaDataField><name>day</name><model class="org.mule.common.metadata.DefaultSimpleMetaDataModel"><dataType>INTEGER</dataType><metaDataModelPropertiesManager><properties></properties></metaDataModelPropertiesManager></model><accessType>READ_WRITE</accessType><metaDataFieldPropertyManager><properties><org.mule.common.metadata.field.property.dsql.DsqlSelectMetaDataFieldProperty></org.mule.common.metadata.field.property.dsql.DsqlSelectMetaDataFieldProperty><org.mule.common.metadata.field.property.dsql.DsqlWhereMetaDataFieldProperty></org.mule.common.metadata.field.property.dsql.DsqlWhereMetaDataFieldProperty><org.mule.common.metadata.field.property.dsql.DsqlOrderMetaDataFieldProperty></org.mule.common.metadata.field.property.dsql.DsqlOrderMetaDataFieldProperty><org.mule.common.metadata.field.property.dsql.DsqlQueryOperatorsMetaDataFieldProperty><supportedOperators><org.mule.common.query.expression.LessOperator></org.mule.common.query.expression.LessOperator><org.mule.common.query.expression.LessOrEqualsOperator></org.mule.common.query.expression.LessOrEqualsOperator><org.mule.common.query.expression.EqualsOperator></org.mule.common.query.expression.EqualsOperator><org.mule.common.query.expression.GreaterOperator></org.mule.common.query.expression.GreaterOperator><org.mule.common.query.expression.GreaterOrEqualsOperator></org.mule.common.query.expression.GreaterOrEqualsOperator><org.mule.common.query.expression.NotEqualsOperator></org.mule.common.query.expression.NotEqualsOperator></supportedOperators></org.mule.common.metadata.field.property.dsql.DsqlQueryOperatorsMetaDataFieldProperty></properties></metaDataFieldPropertyManager></org.mule.common.metadata.DefaultMetaDataField><org.mule.common.metadata.DefaultMetaDataField><name>latitude</name><model class="org.mule.common.metadata.DefaultSimpleMetaDataModel"><dataType>DOUBLE</dataType><metaDataModelPropertiesManager><properties></properties></metaDataModelPropertiesManager></model><accessType>READ_WRITE</accessType><metaDataFieldPropertyManager><properties><org.mule.common.metadata.field.property.dsql.DsqlSelectMetaDataFieldProperty></org.mule.common.metadata.field.property.dsql.DsqlSelectMetaDataFieldProperty><org.mule.common.metadata.field.property.dsql.DsqlWhereMetaDataFieldProperty></org.mule.common.metadata.field.property.dsql.DsqlWhereMetaDataFieldProperty><org.mule.common.metadata.field.property.dsql.DsqlOrderMetaDataFieldProperty></org.mule.common.metadata.field.property.dsql.DsqlOrderMetaDataFieldProperty><org.mule.common.metadata.field.property.dsql.DsqlQueryOperatorsMetaDataFieldProperty><supportedOperators><org.mule.common.query.expression.LessOperator></org.mule.common.query.expression.LessOperator><org.mule.common.query.expression.LessOrEqualsOperator></org.mule.common.query.expression.LessOrEqualsOperator><org.mule.common.query.expression.EqualsOperator></org.mule.common.query.expression.EqualsOperator><org.mule.common.query.expression.GreaterOperator></org.mule.common.query.expression.GreaterOperator><org.mule.common.query.expression.GreaterOrEqualsOperator></org.mule.common.query.expression.GreaterOrEqualsOperator><org.mule.common.query.expression.NotEqualsOperator></org.mule.common.query.expression.NotEqualsOperator></supportedOperators></org.mule.common.metadata.field.property.dsql.DsqlQueryOperatorsMetaDataFieldProperty></properties></metaDataFieldPropertyManager></org.mule.common.metadata.DefaultMetaDataField><org.mule.common.metadata.DefaultMetaDataField><name>longitude</name><model class="org.mule.common.metadata.DefaultSimpleMetaDataModel"><dataType>DOUBLE</dataType><metaDataModelPropertiesManager><properties></properties></metaDataModelPropertiesManager></model><accessType>READ_WRITE</accessType><metaDataFieldPropertyManager><properties><org.mule.common.metadata.field.property.dsql.DsqlSelectMetaDataFieldProperty></org.mule.common.metadata.field.property.dsql.DsqlSelectMetaDataFieldProperty><org.mule.common.metadata.field.property.dsql.DsqlWhereMetaDataFieldProperty></org.mule.common.metadata.field.property.dsql.DsqlWhereMetaDataFieldProperty><org.mule.common.metadata.field.property.dsql.DsqlOrderMetaDataFieldProperty></org.mule.common.metadata.field.property.dsql.DsqlOrderMetaDataFieldProperty><org.mule.common.metadata.field.property.dsql.DsqlQueryOperatorsMetaDataFieldProperty><supportedOperators><org.mule.common.query.expression.LessOperator></org.mule.common.query.expression.LessOperator><org.mule.common.query.expression.LessOrEqualsOperator></org.mule.common.query.expression.LessOrEqualsOperator><org.mule.common.query.expression.EqualsOperator></org.mule.common.query.expression.EqualsOperator><org.mule.common.query.expression.GreaterOperator></org.mule.common.query.expression.GreaterOperator><org.mule.common.query.expression.GreaterOrEqualsOperator></org.mule.common.query.expression.GreaterOrEqualsOperator><org.mule.common.query.expression.NotEqualsOperator></org.mule.common.query.expression.NotEqualsOperator></supportedOperators></org.mule.common.metadata.field.property.dsql.DsqlQueryOperatorsMetaDataFieldProperty></properties></metaDataFieldPropertyManager></org.mule.common.metadata.DefaultMetaDataField><org.mule.common.metadata.DefaultMetaDataField><name>month</name><model class="org.mule.common.metadata.DefaultSimpleMetaDataModel"><dataType>INTEGER</dataType><metaDataModelPropertiesManager><properties></properties></metaDataModelPropertiesManager></model><accessType>READ_WRITE</accessType><metaDataFieldPropertyManager><properties><org.mule.common.metadata.field.property.dsql.DsqlSelectMetaDataFieldProperty></org.mule.common.metadata.field.property.dsql.DsqlSelectMetaDataFieldProperty><org.mule.common.metadata.field.property.dsql.DsqlWhereMetaDataFieldProperty></org.mule.common.metadata.field.property.dsql.DsqlWhereMetaDataFieldProperty><org.mule.common.metadata.field.property.dsql.DsqlOrderMetaDataFieldProperty></org.mule.common.metadata.field.property.dsql.DsqlOrderMetaDataFieldProperty><org.mule.common.metadata.field.property.dsql.DsqlQueryOperatorsMetaDataFieldProperty><supportedOperators><org.mule.common.query.expression.LessOperator></org.mule.common.query.expression.LessOperator><org.mule.common.query.expression.LessOrEqualsOperator></org.mule.common.query.expression.LessOrEqualsOperator><org.mule.common.query.expression.EqualsOperator></org.mule.common.query.expression.EqualsOperator><org.mule.common.query.expression.GreaterOperator></org.mule.common.query.expression.GreaterOperator><org.mule.common.query.expression.GreaterOrEqualsOperator></org.mule.common.query.expression.GreaterOrEqualsOperator><org.mule.common.query.expression.NotEqualsOperator></org.mule.common.query.expression.NotEqualsOperator></supportedOperators></org.mule.common.metadata.field.property.dsql.DsqlQueryOperatorsMetaDataFieldProperty></properties></metaDataFieldPropertyManager></org.mule.common.metadata.DefaultMetaDataField><org.mule.common.metadata.DefaultMetaDataField><name>sunRiseTime</name><model class="org.mule.common.metadata.DefaultSimpleMetaDataModel"><dataType>DOUBLE</dataType><metaDataModelPropertiesManager><properties></properties></metaDataModelPropertiesManager></model><accessType>READ_WRITE</accessType><metaDataFieldPropertyManager><properties><org.mule.common.metadata.field.property.dsql.DsqlSelectMetaDataFieldProperty></org.mule.common.metadata.field.property.dsql.DsqlSelectMetaDataFieldProperty><org.mule.common.metadata.field.property.dsql.DsqlWhereMetaDataFieldProperty></org.mule.common.metadata.field.property.dsql.DsqlWhereMetaDataFieldProperty><org.mule.common.metadata.field.property.dsql.DsqlOrderMetaDataFieldProperty></org.mule.common.metadata.field.property.dsql.DsqlOrderMetaDataFieldProperty><org.mule.common.metadata.field.property.dsql.DsqlQueryOperatorsMetaDataFieldProperty><supportedOperators><org.mule.common.query.expression.LessOperator></org.mule.common.query.expression.LessOperator><org.mule.common.query.expression.LessOrEqualsOperator></org.mule.common.query.expression.LessOrEqualsOperator><org.mule.common.query.expression.EqualsOperator></org.mule.common.query.expression.EqualsOperator><org.mule.common.query.expression.GreaterOperator></org.mule.common.query.expression.GreaterOperator><org.mule.common.query.expression.GreaterOrEqualsOperator></org.mule.common.query.expression.GreaterOrEqualsOperator><org.mule.common.query.expression.NotEqualsOperator></org.mule.common.query.expression.NotEqualsOperator></supportedOperators></org.mule.common.metadata.field.property.dsql.DsqlQueryOperatorsMetaDataFieldProperty></properties></metaDataFieldPropertyManager></org.mule.common.metadata.DefaultMetaDataField><org.mule.common.metadata.DefaultMetaDataField><name>sunSetTime</name><model class="org.mule.common.metadata.DefaultSimpleMetaDataModel"><dataType>DOUBLE</dataType><metaDataModelPropertiesManager><properties></properties></metaDataModelPropertiesManager></model><accessType>READ_WRITE</accessType><metaDataFieldPropertyManager><properties><org.mule.common.metadata.field.property.dsql.DsqlSelectMetaDataFieldProperty></org.mule.common.metadata.field.property.dsql.DsqlSelectMetaDataFieldProperty><org.mule.common.metadata.field.property.dsql.DsqlWhereMetaDataFieldProperty></org.mule.common.metadata.field.property.dsql.DsqlWhereMetaDataFieldProperty><org.mule.common.metadata.field.property.dsql.DsqlOrderMetaDataFieldProperty></org.mule.common.metadata.field.property.dsql.DsqlOrderMetaDataFieldProperty><org.mule.common.metadata.field.property.dsql.DsqlQueryOperatorsMetaDataFieldProperty><supportedOperators><org.mule.common.query.expression.LessOperator></org.mule.common.query.expression.LessOperator><org.mule.common.query.expression.LessOrEqualsOperator></org.mule.common.query.expression.LessOrEqualsOperator><org.mule.common.query.expression.EqualsOperator></org.mule.common.query.expression.EqualsOperator><org.mule.common.query.expression.GreaterOperator></org.mule.common.query.expression.GreaterOperator><org.mule.common.query.expression.GreaterOrEqualsOperator></org.mule.common.query.expression.GreaterOrEqualsOperator><org.mule.common.query.expression.NotEqualsOperator></org.mule.common.query.expression.NotEqualsOperator></supportedOperators></org.mule.common.metadata.field.property.dsql.DsqlQueryOperatorsMetaDataFieldProperty></properties></metaDataFieldPropertyManager></org.mule.common.metadata.DefaultMetaDataField><org.mule.common.metadata.DefaultMetaDataField><name>timeZone</name><model class="org.mule.common.metadata.DefaultSimpleMetaDataModel"><dataType>INTEGER</dataType><metaDataModelPropertiesManager><properties></properties></metaDataModelPropertiesManager></model><accessType>READ_WRITE</accessType><metaDataFieldPropertyManager><properties><org.mule.common.metadata.field.property.dsql.DsqlSelectMetaDataFieldProperty></org.mule.common.metadata.field.property.dsql.DsqlSelectMetaDataFieldProperty><org.mule.common.metadata.field.property.dsql.DsqlWhereMetaDataFieldProperty></org.mule.common.metadata.field.property.dsql.DsqlWhereMetaDataFieldProperty><org.mule.common.metadata.field.property.dsql.DsqlOrderMetaDataFieldProperty></org.mule.common.metadata.field.property.dsql.DsqlOrderMetaDataFieldProperty><org.mule.common.metadata.field.property.dsql.DsqlQueryOperatorsMetaDataFieldProperty><supportedOperators><org.mule.common.query.expression.LessOperator></org.mule.common.query.expression.LessOperator><org.mule.common.query.expression.LessOrEqualsOperator></org.mule.common.query.expression.LessOrEqualsOperator><org.mule.common.query.expression.EqualsOperator></org.mule.common.query.expression.EqualsOperator><org.mule.common.query.expression.GreaterOperator></org.mule.common.query.expression.GreaterOperator><org.mule.common.query.expression.GreaterOrEqualsOperator></org.mule.common.query.expression.GreaterOrEqualsOperator><org.mule.common.query.expression.NotEqualsOperator></org.mule.common.query.expression.NotEqualsOperator></supportedOperators></org.mule.common.metadata.field.property.dsql.DsqlQueryOperatorsMetaDataFieldProperty></properties></metaDataFieldPropertyManager></org.mule.common.metadata.DefaultMetaDataField><org.mule.common.metadata.DefaultMetaDataField><name>year</name><model class="org.mule.common.metadata.DefaultSimpleMetaDataModel"><dataType>INTEGER</dataType><metaDataModelPropertiesManager><properties></properties></metaDataModelPropertiesManager></model><accessType>READ_WRITE</accessType><metaDataFieldPropertyManager><properties><org.mule.common.metadata.field.property.dsql.DsqlSelectMetaDataFieldProperty></org.mule.common.metadata.field.property.dsql.DsqlSelectMetaDataFieldProperty><org.mule.common.metadata.field.property.dsql.DsqlWhereMetaDataFieldProperty></org.mule.common.metadata.field.property.dsql.DsqlWhereMetaDataFieldProperty><org.mule.common.metadata.field.property.dsql.DsqlOrderMetaDataFieldProperty></org.mule.common.metadata.field.property.dsql.DsqlOrderMetaDataFieldProperty><org.mule.common.metadata.field.property.dsql.DsqlQueryOperatorsMetaDataFieldProperty><supportedOperators><org.mule.common.query.expression.LessOperator></org.mule.common.query.expression.LessOperator><org.mule.common.query.expression.LessOrEqualsOperator></org.mule.common.query.expression.LessOrEqualsOperator><org.mule.common.query.expression.EqualsOperator></org.mule.common.query.expression.EqualsOperator><org.mule.common.query.expression.GreaterOperator></org.mule.common.query.expression.GreaterOperator><org.mule.common.query.expression.GreaterOrEqualsOperator></org.mule.common.query.expression.GreaterOrEqualsOperator><org.mule.common.query.expression.NotEqualsOperator></org.mule.common.query.expression.NotEqualsOperator></supportedOperators></org.mule.common.metadata.field.property.dsql.DsqlQueryOperatorsMetaDataFieldProperty></properties></metaDataFieldPropertyManager></org.mule.common.metadata.DefaultMetaDataField></fields><clazzName>org.mule.modules.sunsetrise.api.LatLonDate</clazzName><isInterface>false</isInterface><name>LatLonDate</name><parentNames><string>java.lang.Object</string></parentNames></payload><properties><entry><org.mule.common.metadata.MetaDataPropertyScope>RECORD</org.mule.common.metadata.MetaDataPropertyScope><org.mule.common.metadata.MetaDataProperties><fields></fields></org.mule.common.metadata.MetaDataProperties></entry><entry><org.mule.common.metadata.MetaDataPropertyScope>SESSION</org.mule.common.metadata.MetaDataPropertyScope><org.mule.common.metadata.MetaDataProperties><fields></fields></org.mule.common.metadata.MetaDataProperties></entry><entry><org.mule.common.metadata.MetaDataPropertyScope>OUTBOUND</org.mule.common.metadata.MetaDataPropertyScope><org.mule.common.metadata.MetaDataProperties><fields></fields></org.mule.common.metadata.MetaDataProperties></entry><entry><org.mule.common.metadata.MetaDataPropertyScope>FLOW</org.mule.common.metadata.MetaDataPropertyScope><org.mule.common.metadata.MetaDataProperties><fields></fields></org.mule.common.metadata.MetaDataProperties></entry><entry><org.mule.common.metadata.MetaDataPropertyScope>INBOUND</org.mule.common.metadata.MetaDataPropertyScope><org.mule.common.metadata.MetaDataProperties><fields></fields></org.mule.common.metadata.MetaDataProperties></entry></properties></output></org.mule.tooling.metadata.cache.DefaultMetadataCacheEntry></entry></map></entry></map></entry><entry><string>Sunsetrise__Connection_Managament_type_strategy</string><map><entry><string>http://www.mulesoft.org/schema/mule/sunsetrise/get-sun-set-rise-time</string><map><entry><string>__default__</string><org.mule.tooling.metadata.cache.DefaultMetadataCacheEntry><input class="org.mule.common.metadata.DefaultMetaData"><payload class="org.mule.common.metadata.DefaultPojoMetaDataModel"><implementationClass>org.mule.modules.sunsetrise.api.LatLonDate</implementationClass><dataType>POJO</dataType><metaDataModelPropertiesManager><properties></properties></metaDataModelPropertiesManager><fields><org.mule.common.metadata.DefaultMetaDataField><name>day</name><model class="org.mule.common.metadata.DefaultSimpleMetaDataModel"><dataType>INTEGER</dataType><metaDataModelPropertiesManager><properties></properties></metaDataModelPropertiesManager></model><accessType>READ_WRITE</accessType><metaDataFieldPropertyManager><properties><org.mule.common.metadata.field.property.dsql.DsqlSelectMetaDataFieldProperty></org.mule.common.metadata.field.property.dsql.DsqlSelectMetaDataFieldProperty><org.mule.common.metadata.field.property.dsql.DsqlWhereMetaDataFieldProperty></org.mule.common.metadata.field.property.dsql.DsqlWhereMetaDataFieldProperty><org.mule.common.metadata.field.property.dsql.DsqlOrderMetaDataFieldProperty></org.mule.common.metadata.field.property.dsql.DsqlOrderMetaDataFieldProperty><org.mule.common.metadata.field.property.dsql.DsqlQueryOperatorsMetaDataFieldProperty><supportedOperators><org.mule.common.query.expression.LessOperator></org.mule.common.query.expression.LessOperator><org.mule.common.query.expression.LessOrEqualsOperator></org.mule.common.query.expression.LessOrEqualsOperator><org.mule.common.query.expression.EqualsOperator></org.mule.common.query.expression.EqualsOperator><org.mule.common.query.expression.GreaterOperator></org.mule.common.query.expression.GreaterOperator><org.mule.common.query.expression.GreaterOrEqualsOperator></org.mule.common.query.expression.GreaterOrEqualsOperator><org.mule.common.query.expression.NotEqualsOperator></org.mule.common.query.expression.NotEqualsOperator></supportedOperators></org.mule.common.metadata.field.property.dsql.DsqlQueryOperatorsMetaDataFieldProperty></properties></metaDataFieldPropertyManager></org.mule.common.metadata.DefaultMetaDataField><org.mule.common.metadata.DefaultMetaDataField><name>latitude</name><model class="org.mule.common.metadata.DefaultSimpleMetaDataModel"><dataType>DOUBLE</dataType><metaDataModelPropertiesManager><properties></properties></metaDataModelPropertiesManager></model><accessType>READ_WRITE</accessType><metaDataFieldPropertyManager><properties><org.mule.common.metadata.field.property.dsql.DsqlSelectMetaDataFieldProperty></org.mule.common.metadata.field.property.dsql.DsqlSelectMetaDataFieldProperty><org.mule.common.metadata.field.property.dsql.DsqlWhereMetaDataFieldProperty></org.mule.common.metadata.field.property.dsql.DsqlWhereMetaDataFieldProperty><org.mule.common.metadata.field.property.dsql.DsqlOrderMetaDataFieldProperty></org.mule.common.metadata.field.property.dsql.DsqlOrderMetaDataFieldProperty><org.mule.common.metadata.field.property.dsql.DsqlQueryOperatorsMetaDataFieldProperty><supportedOperators><org.mule.common.query.expression.LessOperator></org.mule.common.query.expression.LessOperator><org.mule.common.query.expression.LessOrEqualsOperator></org.mule.common.query.expression.LessOrEqualsOperator><org.mule.common.query.expression.EqualsOperator></org.mule.common.query.expression.EqualsOperator><org.mule.common.query.expression.GreaterOperator></org.mule.common.query.expression.GreaterOperator><org.mule.common.query.expression.GreaterOrEqualsOperator></org.mule.common.query.expression.GreaterOrEqualsOperator><org.mule.common.query.expression.NotEqualsOperator></org.mule.common.query.expression.NotEqualsOperator></supportedOperators></org.mule.common.metadata.field.property.dsql.DsqlQueryOperatorsMetaDataFieldProperty></properties></metaDataFieldPropertyManager></org.mule.common.metadata.DefaultMetaDataField><org.mule.common.metadata.DefaultMetaDataField><name>longitude</name><model class="org.mule.common.metadata.DefaultSimpleMetaDataModel"><dataType>DOUBLE</dataType><metaDataModelPropertiesManager><properties></properties></metaDataModelPropertiesManager></model><accessType>READ_WRITE</accessType><metaDataFieldPropertyManager><properties><org.mule.common.metadata.field.property.dsql.DsqlSelectMetaDataFieldProperty></org.mule.common.metadata.field.property.dsql.DsqlSelectMetaDataFieldProperty><org.mule.common.metadata.field.property.dsql.DsqlWhereMetaDataFieldProperty></org.mule.common.metadata.field.property.dsql.DsqlWhereMetaDataFieldProperty><org.mule.common.metadata.field.property.dsql.DsqlOrderMetaDataFieldProperty></org.mule.common.metadata.field.property.dsql.DsqlOrderMetaDataFieldProperty><org.mule.common.metadata.field.property.dsql.DsqlQueryOperatorsMetaDataFieldProperty><supportedOperators><org.mule.common.query.expression.LessOperator></org.mule.common.query.expression.LessOperator><org.mule.common.query.expression.LessOrEqualsOperator></org.mule.common.query.expression.LessOrEqualsOperator><org.mule.common.query.expression.EqualsOperator></org.mule.common.query.expression.EqualsOperator><org.mule.common.query.expression.GreaterOperator></org.mule.common.query.expression.GreaterOperator><org.mule.common.query.expression.GreaterOrEqualsOperator></org.mule.common.query.expression.GreaterOrEqualsOperator><org.mule.common.query.expression.NotEqualsOperator></org.mule.common.query.expression.NotEqualsOperator></supportedOperators></org.mule.common.metadata.field.property.dsql.DsqlQueryOperatorsMetaDataFieldProperty></properties></metaDataFieldPropertyManager></org.mule.common.metadata.DefaultMetaDataField><org.mule.common.metadata.DefaultMetaDataField><name>month</name><model class="org.mule.common.metadata.DefaultSimpleMetaDataModel"><dataType>INTEGER</dataType><metaDataModelPropertiesManager><properties></properties></metaDataModelPropertiesManager></model><accessType>READ_WRITE</accessType><metaDataFieldPropertyManager><properties><org.mule.common.metadata.field.property.dsql.DsqlSelectMetaDataFieldProperty></org.mule.common.metadata.field.property.dsql.DsqlSelectMetaDataFieldProperty><org.mule.common.metadata.field.property.dsql.DsqlWhereMetaDataFieldProperty></org.mule.common.metadata.field.property.dsql.DsqlWhereMetaDataFieldProperty><org.mule.common.metadata.field.property.dsql.DsqlOrderMetaDataFieldProperty></org.mule.common.metadata.field.property.dsql.DsqlOrderMetaDataFieldProperty><org.mule.common.metadata.field.property.dsql.DsqlQueryOperatorsMetaDataFieldProperty><supportedOperators><org.mule.common.query.expression.LessOperator></org.mule.common.query.expression.LessOperator><org.mule.common.query.expression.LessOrEqualsOperator></org.mule.common.query.expression.LessOrEqualsOperator><org.mule.common.query.expression.EqualsOperator></org.mule.common.query.expression.EqualsOperator><org.mule.common.query.expression.GreaterOperator></org.mule.common.query.expression.GreaterOperator><org.mule.common.query.expression.GreaterOrEqualsOperator></org.mule.common.query.expression.GreaterOrEqualsOperator><org.mule.common.query.expression.NotEqualsOperator></org.mule.common.query.expression.NotEqualsOperator></supportedOperators></org.mule.common.metadata.field.property.dsql.DsqlQueryOperatorsMetaDataFieldProperty></properties></metaDataFieldPropertyManager></org.mule.common.metadata.DefaultMetaDataField><org.mule.common.metadata.DefaultMetaDataField><name>sunRiseTime</name><model class="org.mule.common.metadata.DefaultSimpleMetaDataModel"><dataType>DOUBLE</dataType><metaDataModelPropertiesManager><properties></properties></metaDataModelPropertiesManager></model><accessType>READ_WRITE</accessType><metaDataFieldPropertyManager><properties><org.mule.common.metadata.field.property.dsql.DsqlSelectMetaDataFieldProperty></org.mule.common.metadata.field.property.dsql.DsqlSelectMetaDataFieldProperty><org.mule.common.metadata.field.property.dsql.DsqlWhereMetaDataFieldProperty></org.mule.common.metadata.field.property.dsql.DsqlWhereMetaDataFieldProperty><org.mule.common.metadata.field.property.dsql.DsqlOrderMetaDataFieldProperty></org.mule.common.metadata.field.property.dsql.DsqlOrderMetaDataFieldProperty><org.mule.common.metadata.field.property.dsql.DsqlQueryOperatorsMetaDataFieldProperty><supportedOperators><org.mule.common.query.expression.LessOperator></org.mule.common.query.expression.LessOperator><org.mule.common.query.expression.LessOrEqualsOperator></org.mule.common.query.expression.LessOrEqualsOperator><org.mule.common.query.expression.EqualsOperator></org.mule.common.query.expression.EqualsOperator><org.mule.common.query.expression.GreaterOperator></org.mule.common.query.expression.GreaterOperator><org.mule.common.query.expression.GreaterOrEqualsOperator></org.mule.common.query.expression.GreaterOrEqualsOperator><org.mule.common.query.expression.NotEqualsOperator></org.mule.common.query.expression.NotEqualsOperator></supportedOperators></org.mule.common.metadata.field.property.dsql.DsqlQueryOperatorsMetaDataFieldProperty></properties></metaDataFieldPropertyManager></org.mule.common.metadata.DefaultMetaDataField><org.mule.common.metadata.DefaultMetaDataField><name>sunSetTime</name><model class="org.mule.common.metadata.DefaultSimpleMetaDataModel"><dataType>DOUBLE</dataType><metaDataModelPropertiesManager><properties></properties></metaDataModelPropertiesManager></model><accessType>READ_WRITE</accessType><metaDataFieldPropertyManager><properties><org.mule.common.metadata.field.property.dsql.DsqlSelectMetaDataFieldProperty></org.mule.common.metadata.field.property.dsql.DsqlSelectMetaDataFieldProperty><org.mule.common.metadata.field.property.dsql.DsqlWhereMetaDataFieldProperty></org.mule.common.metadata.field.property.dsql.DsqlWhereMetaDataFieldProperty><org.mule.common.metadata.field.property.dsql.DsqlOrderMetaDataFieldProperty></org.mule.common.metadata.field.property.dsql.DsqlOrderMetaDataFieldProperty><org.mule.common.metadata.field.property.dsql.DsqlQueryOperatorsMetaDataFieldProperty><supportedOperators><org.mule.common.query.expression.LessOperator></org.mule.common.query.expression.LessOperator><org.mule.common.query.expression.LessOrEqualsOperator></org.mule.common.query.expression.LessOrEqualsOperator><org.mule.common.query.expression.EqualsOperator></org.mule.common.query.expression.EqualsOperator><org.mule.common.query.expression.GreaterOperator></org.mule.common.query.expression.GreaterOperator><org.mule.common.query.expression.GreaterOrEqualsOperator></org.mule.common.query.expression.GreaterOrEqualsOperator><org.mule.common.query.expression.NotEqualsOperator></org.mule.common.query.expression.NotEqualsOperator></supportedOperators></org.mule.common.metadata.field.property.dsql.DsqlQueryOperatorsMetaDataFieldProperty></properties></metaDataFieldPropertyManager></org.mule.common.metadata.DefaultMetaDataField><org.mule.common.metadata.DefaultMetaDataField><name>timeZone</name><model class="org.mule.common.metadata.DefaultSimpleMetaDataModel"><dataType>INTEGER</dataType><metaDataModelPropertiesManager><properties></properties></metaDataModelPropertiesManager></model><accessType>READ_WRITE</accessType><metaDataFieldPropertyManager><properties><org.mule.common.metadata.field.property.dsql.DsqlSelectMetaDataFieldProperty></org.mule.common.metadata.field.property.dsql.DsqlSelectMetaDataFieldProperty><org.mule.common.metadata.field.property.dsql.DsqlWhereMetaDataFieldProperty></org.mule.common.metadata.field.property.dsql.DsqlWhereMetaDataFieldProperty><org.mule.common.metadata.field.property.dsql.DsqlOrderMetaDataFieldProperty></org.mule.common.metadata.field.property.dsql.DsqlOrderMetaDataFieldProperty><org.mule.common.metadata.field.property.dsql.DsqlQueryOperatorsMetaDataFieldProperty><supportedOperators><org.mule.common.query.expression.LessOperator></org.mule.common.query.expression.LessOperator><org.mule.common.query.expression.LessOrEqualsOperator></org.mule.common.query.expression.LessOrEqualsOperator><org.mule.common.query.expression.EqualsOperator></org.mule.common.query.expression.EqualsOperator><org.mule.common.query.expression.GreaterOperator></org.mule.common.query.expression.GreaterOperator><org.mule.common.query.expression.GreaterOrEqualsOperator></org.mule.common.query.expression.GreaterOrEqualsOperator><org.mule.common.query.expression.NotEqualsOperator></org.mule.common.query.expression.NotEqualsOperator></supportedOperators></org.mule.common.metadata.field.property.dsql.DsqlQueryOperatorsMetaDataFieldProperty></properties></metaDataFieldPropertyManager></org.mule.common.metadata.DefaultMetaDataField><org.mule.common.metadata.DefaultMetaDataField><name>year</name><model class="org.mule.common.metadata.DefaultSimpleMetaDataModel"><dataType>INTEGER</dataType><metaDataModelPropertiesManager><properties></properties></metaDataModelPropertiesManager></model><accessType>READ_WRITE</accessType><metaDataFieldPropertyManager><properties><org.mule.common.metadata.field.property.dsql.DsqlSelectMetaDataFieldProperty></org.mule.common.metadata.field.property.dsql.DsqlSelectMetaDataFieldProperty><org.mule.common.metadata.field.property.dsql.DsqlWhereMetaDataFieldProperty></org.mule.common.metadata.field.property.dsql.DsqlWhereMetaDataFieldProperty><org.mule.common.metadata.field.property.dsql.DsqlOrderMetaDataFieldProperty></org.mule.common.metadata.field.property.dsql.DsqlOrderMetaDataFieldProperty><org.mule.common.metadata.field.property.dsql.DsqlQueryOperatorsMetaDataFieldProperty><supportedOperators><org.mule.common.query.expression.LessOperator></org.mule.common.query.expression.LessOperator><org.mule.common.query.expression.LessOrEqualsOperator></org.mule.common.query.expression.LessOrEqualsOperator><org.mule.common.query.expression.EqualsOperator></org.mule.common.query.expression.EqualsOperator><org.mule.common.query.expression.GreaterOperator></org.mule.common.query.expression.GreaterOperator><org.mule.common.query.expression.GreaterOrEqualsOperator></org.mule.common.query.expression.GreaterOrEqualsOperator><org.mule.common.query.expression.NotEqualsOperator></org.mule.common.query.expression.NotEqualsOperator></supportedOperators></org.mule.common.metadata.field.property.dsql.DsqlQueryOperatorsMetaDataFieldProperty></properties></metaDataFieldPropertyManager></org.mule.common.metadata.DefaultMetaDataField></fields><clazzName>org.mule.modules.sunsetrise.api.LatLonDate</clazzName><isInterface>false</isInterface><name>LatLonDate</name><parentNames><string>java.lang.Object</string></parentNames></payload><properties><entry><org.mule.common.metadata.MetaDataPropertyScope>RECORD</org.mule.common.metadata.MetaDataPropertyScope><org.mule.common.metadata.MetaDataProperties><fields></fields></org.mule.common.metadata.MetaDataProperties></entry><entry><org.mule.common.metadata.MetaDataPropertyScope>SESSION</org.mule.common.metadata.MetaDataPropertyScope><org.mule.common.metadata.MetaDataProperties><fields></fields></org.mule.common.metadata.MetaDataProperties></entry><entry><org.mule.common.metadata.MetaDataPropertyScope>OUTBOUND</org.mule.common.metadata.MetaDataPropertyScope><org.mule.common.metadata.MetaDataProperties><fields></fields></org.mule.common.metadata.MetaDataProperties></entry><entry><org.mule.common.metadata.MetaDataPropertyScope>FLOW</org.mule.common.metadata.MetaDataPropertyScope><org.mule.common.metadata.MetaDataProperties><fields></fields></org.mule.common.metadata.MetaDataProperties></entry><entry><org.mule.common.metadata.MetaDataPropertyScope>INBOUND</org.mule.common.metadata.MetaDataPropertyScope><org.mule.common.metadata.MetaDataProperties><fields></fields></org.mule.common.metadata.MetaDataProperties></entry></properties></input><output class="org.mule.common.metadata.DefaultMetaData"><payload class="org.mule.common.metadata.DefaultPojoMetaDataModel"><implementationClass>org.mule.modules.sunsetrise.api.LatLonDate</implementationClass><dataType>POJO</dataType><metaDataModelPropertiesManager><properties></properties></metaDataModelPropertiesManager><fields><org.mule.common.metadata.DefaultMetaDataField><name>day</name><model class="org.mule.common.metadata.DefaultSimpleMetaDataModel"><dataType>INTEGER</dataType><metaDataModelPropertiesManager><properties></properties></metaDataModelPropertiesManager></model><accessType>READ_WRITE</accessType><metaDataFieldPropertyManager><properties><org.mule.common.metadata.field.property.dsql.DsqlSelectMetaDataFieldProperty></org.mule.common.metadata.field.property.dsql.DsqlSelectMetaDataFieldProperty><org.mule.common.metadata.field.property.dsql.DsqlWhereMetaDataFieldProperty></org.mule.common.metadata.field.property.dsql.DsqlWhereMetaDataFieldProperty><org.mule.common.metadata.field.property.dsql.DsqlOrderMetaDataFieldProperty></org.mule.common.metadata.field.property.dsql.DsqlOrderMetaDataFieldProperty><org.mule.common.metadata.field.property.dsql.DsqlQueryOperatorsMetaDataFieldProperty><supportedOperators><org.mule.common.query.expression.LessOperator></org.mule.common.query.expression.LessOperator><org.mule.common.query.expression.LessOrEqualsOperator></org.mule.common.query.expression.LessOrEqualsOperator><org.mule.common.query.expression.EqualsOperator></org.mule.common.query.expression.EqualsOperator><org.mule.common.query.expression.GreaterOperator></org.mule.common.query.expression.GreaterOperator><org.mule.common.query.expression.GreaterOrEqualsOperator></org.mule.common.query.expression.GreaterOrEqualsOperator><org.mule.common.query.expression.NotEqualsOperator></org.mule.common.query.expression.NotEqualsOperator></supportedOperators></org.mule.common.metadata.field.property.dsql.DsqlQueryOperatorsMetaDataFieldProperty></properties></metaDataFieldPropertyManager></org.mule.common.metadata.DefaultMetaDataField><org.mule.common.metadata.DefaultMetaDataField><name>latitude</name><model class="org.mule.common.metadata.DefaultSimpleMetaDataModel"><dataType>DOUBLE</dataType><metaDataModelPropertiesManager><properties></properties></metaDataModelPropertiesManager></model><accessType>READ_WRITE</accessType><metaDataFieldPropertyManager><properties><org.mule.common.metadata.field.property.dsql.DsqlSelectMetaDataFieldProperty></org.mule.common.metadata.field.property.dsql.DsqlSelectMetaDataFieldProperty><org.mule.common.metadata.field.property.dsql.DsqlWhereMetaDataFieldProperty></org.mule.common.metadata.field.property.dsql.DsqlWhereMetaDataFieldProperty><org.mule.common.metadata.field.property.dsql.DsqlOrderMetaDataFieldProperty></org.mule.common.metadata.field.property.dsql.DsqlOrderMetaDataFieldProperty><org.mule.common.metadata.field.property.dsql.DsqlQueryOperatorsMetaDataFieldProperty><supportedOperators><org.mule.common.query.expression.LessOperator></org.mule.common.query.expression.LessOperator><org.mule.common.query.expression.LessOrEqualsOperator></org.mule.common.query.expression.LessOrEqualsOperator><org.mule.common.query.expression.EqualsOperator></org.mule.common.query.expression.EqualsOperator><org.mule.common.query.expression.GreaterOperator></org.mule.common.query.expression.GreaterOperator><org.mule.common.query.expression.GreaterOrEqualsOperator></org.mule.common.query.expression.GreaterOrEqualsOperator><org.mule.common.query.expression.NotEqualsOperator></org.mule.common.query.expression.NotEqualsOperator></supportedOperators></org.mule.common.metadata.field.property.dsql.DsqlQueryOperatorsMetaDataFieldProperty></properties></metaDataFieldPropertyManager></org.mule.common.metadata.DefaultMetaDataField><org.mule.common.metadata.DefaultMetaDataField><name>longitude</name><model class="org.mule.common.metadata.DefaultSimpleMetaDataModel"><dataType>DOUBLE</dataType><metaDataModelPropertiesManager><properties></properties></metaDataModelPropertiesManager></model><accessType>READ_WRITE</accessType><metaDataFieldPropertyManager><properties><org.mule.common.metadata.field.property.dsql.DsqlSelectMetaDataFieldProperty></org.mule.common.metadata.field.property.dsql.DsqlSelectMetaDataFieldProperty><org.mule.common.metadata.field.property.dsql.DsqlWhereMetaDataFieldProperty></org.mule.common.metadata.field.property.dsql.DsqlWhereMetaDataFieldProperty><org.mule.common.metadata.field.property.dsql.DsqlOrderMetaDataFieldProperty></org.mule.common.metadata.field.property.dsql.DsqlOrderMetaDataFieldProperty><org.mule.common.metadata.field.property.dsql.DsqlQueryOperatorsMetaDataFieldProperty><supportedOperators><org.mule.common.query.expression.LessOperator></org.mule.common.query.expression.LessOperator><org.mule.common.query.expression.LessOrEqualsOperator></org.mule.common.query.expression.LessOrEqualsOperator><org.mule.common.query.expression.EqualsOperator></org.mule.common.query.expression.EqualsOperator><org.mule.common.query.expression.GreaterOperator></org.mule.common.query.expression.GreaterOperator><org.mule.common.query.expression.GreaterOrEqualsOperator></org.mule.common.query.expression.GreaterOrEqualsOperator><org.mule.common.query.expression.NotEqualsOperator></org.mule.common.query.expression.NotEqualsOperator></supportedOperators></org.mule.common.metadata.field.property.dsql.DsqlQueryOperatorsMetaDataFieldProperty></properties></metaDataFieldPropertyManager></org.mule.common.metadata.DefaultMetaDataField><org.mule.common.metadata.DefaultMetaDataField><name>month</name><model class="org.mule.common.metadata.DefaultSimpleMetaDataModel"><dataType>INTEGER</dataType><metaDataModelPropertiesManager><properties></properties></metaDataModelPropertiesManager></model><accessType>READ_WRITE</accessType><metaDataFieldPropertyManager><properties><org.mule.common.metadata.field.property.dsql.DsqlSelectMetaDataFieldProperty></org.mule.common.metadata.field.property.dsql.DsqlSelectMetaDataFieldProperty><org.mule.common.metadata.field.property.dsql.DsqlWhereMetaDataFieldProperty></org.mule.common.metadata.field.property.dsql.DsqlWhereMetaDataFieldProperty><org.mule.common.metadata.field.property.dsql.DsqlOrderMetaDataFieldProperty></org.mule.common.metadata.field.property.dsql.DsqlOrderMetaDataFieldProperty><org.mule.common.metadata.field.property.dsql.DsqlQueryOperatorsMetaDataFieldProperty><supportedOperators><org.mule.common.query.expression.LessOperator></org.mule.common.query.expression.LessOperator><org.mule.common.query.expression.LessOrEqualsOperator></org.mule.common.query.expression.LessOrEqualsOperator><org.mule.common.query.expression.EqualsOperator></org.mule.common.query.expression.EqualsOperator><org.mule.common.query.expression.GreaterOperator></org.mule.common.query.expression.GreaterOperator><org.mule.common.query.expression.GreaterOrEqualsOperator></org.mule.common.query.expression.GreaterOrEqualsOperator><org.mule.common.query.expression.NotEqualsOperator></org.mule.common.query.expression.NotEqualsOperator></supportedOperators></org.mule.common.metadata.field.property.dsql.DsqlQueryOperatorsMetaDataFieldProperty></properties></metaDataFieldPropertyManager></org.mule.common.metadata.DefaultMetaDataField><org.mule.common.metadata.DefaultMetaDataField><name>sunRiseTime</name><model class="org.mule.common.metadata.DefaultSimpleMetaDataModel"><dataType>DOUBLE</dataType><metaDataModelPropertiesManager><properties></properties></metaDataModelPropertiesManager></model><accessType>READ_WRITE</accessType><metaDataFieldPropertyManager><properties><org.mule.common.metadata.field.property.dsql.DsqlSelectMetaDataFieldProperty></org.mule.common.metadata.field.property.dsql.DsqlSelectMetaDataFieldProperty><org.mule.common.metadata.field.property.dsql.DsqlWhereMetaDataFieldProperty></org.mule.common.metadata.field.property.dsql.DsqlWhereMetaDataFieldProperty><org.mule.common.metadata.field.property.dsql.DsqlOrderMetaDataFieldProperty></org.mule.common.metadata.field.property.dsql.DsqlOrderMetaDataFieldProperty><org.mule.common.metadata.field.property.dsql.DsqlQueryOperatorsMetaDataFieldProperty><supportedOperators><org.mule.common.query.expression.LessOperator></org.mule.common.query.expression.LessOperator><org.mule.common.query.expression.LessOrEqualsOperator></org.mule.common.query.expression.LessOrEqualsOperator><org.mule.common.query.expression.EqualsOperator></org.mule.common.query.expression.EqualsOperator><org.mule.common.query.expression.GreaterOperator></org.mule.common.query.expression.GreaterOperator><org.mule.common.query.expression.GreaterOrEqualsOperator></org.mule.common.query.expression.GreaterOrEqualsOperator><org.mule.common.query.expression.NotEqualsOperator></org.mule.common.query.expression.NotEqualsOperator></supportedOperators></org.mule.common.metadata.field.property.dsql.DsqlQueryOperatorsMetaDataFieldProperty></properties></metaDataFieldPropertyManager></org.mule.common.metadata.DefaultMetaDataField><org.mule.common.metadata.DefaultMetaDataField><name>sunSetTime</name><model class="org.mule.common.metadata.DefaultSimpleMetaDataModel"><dataType>DOUBLE</dataType><metaDataModelPropertiesManager><properties></properties></metaDataModelPropertiesManager></model><accessType>READ_WRITE</accessType><metaDataFieldPropertyManager><properties><org.mule.common.metadata.field.property.dsql.DsqlSelectMetaDataFieldProperty></org.mule.common.metadata.field.property.dsql.DsqlSelectMetaDataFieldProperty><org.mule.common.metadata.field.property.dsql.DsqlWhereMetaDataFieldProperty></org.mule.common.metadata.field.property.dsql.DsqlWhereMetaDataFieldProperty><org.mule.common.metadata.field.property.dsql.DsqlOrderMetaDataFieldProperty></org.mule.common.metadata.field.property.dsql.DsqlOrderMetaDataFieldProperty><org.mule.common.metadata.field.property.dsql.DsqlQueryOperatorsMetaDataFieldProperty><supportedOperators><org.mule.common.query.expression.LessOperator></org.mule.common.query.expression.LessOperator><org.mule.common.query.expression.LessOrEqualsOperator></org.mule.common.query.expression.LessOrEqualsOperator><org.mule.common.query.expression.EqualsOperator></org.mule.common.query.expression.EqualsOperator><org.mule.common.query.expression.GreaterOperator></org.mule.common.query.expression.GreaterOperator><org.mule.common.query.expression.GreaterOrEqualsOperator></org.mule.common.query.expression.GreaterOrEqualsOperator><org.mule.common.query.expression.NotEqualsOperator></org.mule.common.query.expression.NotEqualsOperator></supportedOperators></org.mule.common.metadata.field.property.dsql.DsqlQueryOperatorsMetaDataFieldProperty></properties></metaDataFieldPropertyManager></org.mule.common.metadata.DefaultMetaDataField><org.mule.common.metadata.DefaultMetaDataField><name>timeZone</name><model class="org.mule.common.metadata.DefaultSimpleMetaDataModel"><dataType>INTEGER</dataType><metaDataModelPropertiesManager><properties></properties></metaDataModelPropertiesManager></model><accessType>READ_WRITE</accessType><metaDataFieldPropertyManager><properties><org.mule.common.metadata.field.property.dsql.DsqlSelectMetaDataFieldProperty></org.mule.common.metadata.field.property.dsql.DsqlSelectMetaDataFieldProperty><org.mule.common.metadata.field.property.dsql.DsqlWhereMetaDataFieldProperty></org.mule.common.metadata.field.property.dsql.DsqlWhereMetaDataFieldProperty><org.mule.common.metadata.field.property.dsql.DsqlOrderMetaDataFieldProperty></org.mule.common.metadata.field.property.dsql.DsqlOrderMetaDataFieldProperty><org.mule.common.metadata.field.property.dsql.DsqlQueryOperatorsMetaDataFieldProperty><supportedOperators><org.mule.common.query.expression.LessOperator></org.mule.common.query.expression.LessOperator><org.mule.common.query.expression.LessOrEqualsOperator></org.mule.common.query.expression.LessOrEqualsOperator><org.mule.common.query.expression.EqualsOperator></org.mule.common.query.expression.EqualsOperator><org.mule.common.query.expression.GreaterOperator></org.mule.common.query.expression.GreaterOperator><org.mule.common.query.expression.GreaterOrEqualsOperator></org.mule.common.query.expression.GreaterOrEqualsOperator><org.mule.common.query.expression.NotEqualsOperator></org.mule.common.query.expression.NotEqualsOperator></supportedOperators></org.mule.common.metadata.field.property.dsql.DsqlQueryOperatorsMetaDataFieldProperty></properties></metaDataFieldPropertyManager></org.mule.common.metadata.DefaultMetaDataField><org.mule.common.metadata.DefaultMetaDataField><name>year</name><model class="org.mule.common.metadata.DefaultSimpleMetaDataModel"><dataType>INTEGER</dataType><metaDataModelPropertiesManager><properties></properties></metaDataModelPropertiesManager></model><accessType>READ_WRITE</accessType><metaDataFieldPropertyManager><properties><org.mule.common.metadata.field.property.dsql.DsqlSelectMetaDataFieldProperty></org.mule.common.metadata.field.property.dsql.DsqlSelectMetaDataFieldProperty><org.mule.common.metadata.field.property.dsql.DsqlWhereMetaDataFieldProperty></org.mule.common.metadata.field.property.dsql.DsqlWhereMetaDataFieldProperty><org.mule.common.metadata.field.property.dsql.DsqlOrderMetaDataFieldProperty></org.mule.common.metadata.field.property.dsql.DsqlOrderMetaDataFieldProperty><org.mule.common.metadata.field.property.dsql.DsqlQueryOperatorsMetaDataFieldProperty><supportedOperators><org.mule.common.query.expression.LessOperator></org.mule.common.query.expression.LessOperator><org.mule.common.query.expression.LessOrEqualsOperator></org.mule.common.query.expression.LessOrEqualsOperator><org.mule.common.query.expression.EqualsOperator></org.mule.common.query.expression.EqualsOperator><org.mule.common.query.expression.GreaterOperator></org.mule.common.query.expression.GreaterOperator><org.mule.common.query.expression.GreaterOrEqualsOperator></org.mule.common.query.expression.GreaterOrEqualsOperator><org.mule.common.query.expression.NotEqualsOperator></org.mule.common.query.expression.NotEqualsOperator></supportedOperators></org.mule.common.metadata.field.property.dsql.DsqlQueryOperatorsMetaDataFieldProperty></properties></metaDataFieldPropertyManager></org.mule.common.metadata.DefaultMetaDataField></fields><clazzName>org.mule.modules.sunsetrise.api.LatLonDate</clazzName><isInterface>false</isInterface><name>LatLonDate</name><parentNames><string>java.lang.Object</string></parentNames></payload><properties><entry><org.mule.common.metadata.MetaDataPropertyScope>RECORD</org.mule.common.metadata.MetaDataPropertyScope><org.mule.common.metadata.MetaDataProperties><fields></fields></org.mule.common.metadata.MetaDataProperties></entry><entry><org.mule.common.metadata.MetaDataPropertyScope>SESSION</org.mule.common.metadata.MetaDataPropertyScope><org.mule.common.metadata.MetaDataProperties><fields></fields></org.mule.common.metadata.MetaDataProperties></entry><entry><org.mule.common.metadata.MetaDataPropertyScope>OUTBOUND</org.mule.common.metadata.MetaDataPropertyScope><org.mule.common.metadata.MetaDataProperties><fields></fields></org.mule.common.metadata.MetaDataProperties></entry><entry><org.mule.common.metadata.MetaDataPropertyScope>FLOW</org.mule.common.metadata.MetaDataPropertyScope><org.mule.common.metadata.MetaDataProperties><fields></fields></org.mule.common.metadata.MetaDataProperties></entry><entry><org.mule.common.metadata.MetaDataPropertyScope>INBOUND</org.mule.common.metadata.MetaDataPropertyScope><org.mule.common.metadata.MetaDataProperties><fields></fields></org.mule.common.metadata.MetaDataProperties></entry></properties></output></org.mule.tooling.metadata.cache.DefaultMetadataCacheEntry></entry></map></entry></map></entry><entry><string>Sunsetrise</string><map><entry><string>http://www.mulesoft.org/schema/mule/sunsetrise/get-sun-set-rise-time</string><map><entry><string>__default__</string><org.mule.tooling.metadata.cache.DefaultMetadataCacheEntry><input class="org.mule.common.metadata.DefaultMetaData"><payload class="org.mule.common.metadata.DefaultPojoMetaDataModel"><implementationClass>org.mule.modules.sunsetrise.api.LatLonDate</implementationClass><dataType>POJO</dataType><metaDataModelPropertiesManager><properties></properties></metaDataModelPropertiesManager><fields><org.mule.common.metadata.DefaultMetaDataField><name>day</name><model class="org.mule.common.metadata.DefaultSimpleMetaDataModel"><dataType>INTEGER</dataType><metaDataModelPropertiesManager><properties></properties></metaDataModelPropertiesManager></model><accessType>READ_WRITE</accessType><metaDataFieldPropertyManager><properties><org.mule.common.metadata.field.property.dsql.DsqlSelectMetaDataFieldProperty></org.mule.common.metadata.field.property.dsql.DsqlSelectMetaDataFieldProperty><org.mule.common.metadata.field.property.dsql.DsqlWhereMetaDataFieldProperty></org.mule.common.metadata.field.property.dsql.DsqlWhereMetaDataFieldProperty><org.mule.common.metadata.field.property.dsql.DsqlOrderMetaDataFieldProperty></org.mule.common.metadata.field.property.dsql.DsqlOrderMetaDataFieldProperty><org.mule.common.metadata.field.property.dsql.DsqlQueryOperatorsMetaDataFieldProperty><supportedOperators><org.mule.common.query.expression.LessOperator></org.mule.common.query.expression.LessOperator><org.mule.common.query.expression.LessOrEqualsOperator></org.mule.common.query.expression.LessOrEqualsOperator><org.mule.common.query.expression.EqualsOperator></org.mule.common.query.expression.EqualsOperator><org.mule.common.query.expression.GreaterOperator></org.mule.common.query.expression.GreaterOperator><org.mule.common.query.expression.GreaterOrEqualsOperator></org.mule.common.query.expression.GreaterOrEqualsOperator><org.mule.common.query.expression.NotEqualsOperator></org.mule.common.query.expression.NotEqualsOperator></supportedOperators></org.mule.common.metadata.field.property.dsql.DsqlQueryOperatorsMetaDataFieldProperty></properties></metaDataFieldPropertyManager></org.mule.common.metadata.DefaultMetaDataField><org.mule.common.metadata.DefaultMetaDataField><name>latitude</name><model class="org.mule.common.metadata.DefaultSimpleMetaDataModel"><dataType>DOUBLE</dataType><metaDataModelPropertiesManager><properties></properties></metaDataModelPropertiesManager></model><accessType>READ_WRITE</accessType><metaDataFieldPropertyManager><properties><org.mule.common.metadata.field.property.dsql.DsqlSelectMetaDataFieldProperty></org.mule.common.metadata.field.property.dsql.DsqlSelectMetaDataFieldProperty><org.mule.common.metadata.field.property.dsql.DsqlWhereMetaDataFieldProperty></org.mule.common.metadata.field.property.dsql.DsqlWhereMetaDataFieldProperty><org.mule.common.metadata.field.property.dsql.DsqlOrderMetaDataFieldProperty></org.mule.common.metadata.field.property.dsql.DsqlOrderMetaDataFieldProperty><org.mule.common.metadata.field.property.dsql.DsqlQueryOperatorsMetaDataFieldProperty><supportedOperators><org.mule.common.query.expression.LessOperator></org.mule.common.query.expression.LessOperator><org.mule.common.query.expression.LessOrEqualsOperator></org.mule.common.query.expression.LessOrEqualsOperator><org.mule.common.query.expression.EqualsOperator></org.mule.common.query.expression.EqualsOperator><org.mule.common.query.expression.GreaterOperator></org.mule.common.query.expression.GreaterOperator><org.mule.common.query.expression.GreaterOrEqualsOperator></org.mule.common.query.expression.GreaterOrEqualsOperator><org.mule.common.query.expression.NotEqualsOperator></org.mule.common.query.expression.NotEqualsOperator></supportedOperators></org.mule.common.metadata.field.property.dsql.DsqlQueryOperatorsMetaDataFieldProperty></properties></metaDataFieldPropertyManager></org.mule.common.metadata.DefaultMetaDataField><org.mule.common.metadata.DefaultMetaDataField><name>longitude</name><model class="org.mule.common.metadata.DefaultSimpleMetaDataModel"><dataType>DOUBLE</dataType><metaDataModelPropertiesManager><properties></properties></metaDataModelPropertiesManager></model><accessType>READ_WRITE</accessType><metaDataFieldPropertyManager><properties><org.mule.common.metadata.field.property.dsql.DsqlSelectMetaDataFieldProperty></org.mule.common.metadata.field.property.dsql.DsqlSelectMetaDataFieldProperty><org.mule.common.metadata.field.property.dsql.DsqlWhereMetaDataFieldProperty></org.mule.common.metadata.field.property.dsql.DsqlWhereMetaDataFieldProperty><org.mule.common.metadata.field.property.dsql.DsqlOrderMetaDataFieldProperty></org.mule.common.metadata.field.property.dsql.DsqlOrderMetaDataFieldProperty><org.mule.common.metadata.field.property.dsql.DsqlQueryOperatorsMetaDataFieldProperty><supportedOperators><org.mule.common.query.expression.LessOperator></org.mule.common.query.expression.LessOperator><org.mule.common.query.expression.LessOrEqualsOperator></org.mule.common.query.expression.LessOrEqualsOperator><org.mule.common.query.expression.EqualsOperator></org.mule.common.query.expression.EqualsOperator><org.mule.common.query.expression.GreaterOperator></org.mule.common.query.expression.GreaterOperator><org.mule.common.query.expression.GreaterOrEqualsOperator></org.mule.common.query.expression.GreaterOrEqualsOperator><org.mule.common.query.expression.NotEqualsOperator></org.mule.common.query.expression.NotEqualsOperator></supportedOperators></org.mule.common.metadata.field.property.dsql.DsqlQueryOperatorsMetaDataFieldProperty></properties></metaDataFieldPropertyManager></org.mule.common.metadata.DefaultMetaDataField><org.mule.common.metadata.DefaultMetaDataField><name>month</name><model class="org.mule.common.metadata.DefaultSimpleMetaDataModel"><dataType>INTEGER</dataType><metaDataModelPropertiesManager><properties></properties></metaDataModelPropertiesManager></model><accessType>READ_WRITE</accessType><metaDataFieldPropertyManager><properties><org.mule.common.metadata.field.property.dsql.DsqlSelectMetaDataFieldProperty></org.mule.common.metadata.field.property.dsql.DsqlSelectMetaDataFieldProperty><org.mule.common.metadata.field.property.dsql.DsqlWhereMetaDataFieldProperty></org.mule.common.metadata.field.property.dsql.DsqlWhereMetaDataFieldProperty><org.mule.common.metadata.field.property.dsql.DsqlOrderMetaDataFieldProperty></org.mule.common.metadata.field.property.dsql.DsqlOrderMetaDataFieldProperty><org.mule.common.metadata.field.property.dsql.DsqlQueryOperatorsMetaDataFieldProperty><supportedOperators><org.mule.common.query.expression.LessOperator></org.mule.common.query.expression.LessOperator><org.mule.common.query.expression.LessOrEqualsOperator></org.mule.common.query.expression.LessOrEqualsOperator><org.mule.common.query.expression.EqualsOperator></org.mule.common.query.expression.EqualsOperator><org.mule.common.query.expression.GreaterOperator></org.mule.common.query.expression.GreaterOperator><org.mule.common.query.expression.GreaterOrEqualsOperator></org.mule.common.query.expression.GreaterOrEqualsOperator><org.mule.common.query.expression.NotEqualsOperator></org.mule.common.query.expression.NotEqualsOperator></supportedOperators></org.mule.common.metadata.field.property.dsql.DsqlQueryOperatorsMetaDataFieldProperty></properties></metaDataFieldPropertyManager></org.mule.common.metadata.DefaultMetaDataField><org.mule.common.metadata.DefaultMetaDataField><name>sunRiseTime</name><model class="org.mule.common.metadata.DefaultSimpleMetaDataModel"><dataType>DOUBLE</dataType><metaDataModelPropertiesManager><properties></properties></metaDataModelPropertiesManager></model><accessType>READ_WRITE</accessType><metaDataFieldPropertyManager><properties><org.mule.common.metadata.field.property.dsql.DsqlSelectMetaDataFieldProperty></org.mule.common.metadata.field.property.dsql.DsqlSelectMetaDataFieldProperty><org.mule.common.metadata.field.property.dsql.DsqlWhereMetaDataFieldProperty></org.mule.common.metadata.field.property.dsql.DsqlWhereMetaDataFieldProperty><org.mule.common.metadata.field.property.dsql.DsqlOrderMetaDataFieldProperty></org.mule.common.metadata.field.property.dsql.DsqlOrderMetaDataFieldProperty><org.mule.common.metadata.field.property.dsql.DsqlQueryOperatorsMetaDataFieldProperty><supportedOperators><org.mule.common.query.expression.LessOperator></org.mule.common.query.expression.LessOperator><org.mule.common.query.expression.LessOrEqualsOperator></org.mule.common.query.expression.LessOrEqualsOperator><org.mule.common.query.expression.EqualsOperator></org.mule.common.query.expression.EqualsOperator><org.mule.common.query.expression.GreaterOperator></org.mule.common.query.expression.GreaterOperator><org.mule.common.query.expression.GreaterOrEqualsOperator></org.mule.common.query.expression.GreaterOrEqualsOperator><org.mule.common.query.expression.NotEqualsOperator></org.mule.common.query.expression.NotEqualsOperator></supportedOperators></org.mule.common.metadata.field.property.dsql.DsqlQueryOperatorsMetaDataFieldProperty></properties></metaDataFieldPropertyManager></org.mule.common.metadata.DefaultMetaDataField><org.mule.common.metadata.DefaultMetaDataField><name>sunSetTime</name><model class="org.mule.common.metadata.DefaultSimpleMetaDataModel"><dataType>DOUBLE</dataType><metaDataModelPropertiesManager><properties></properties></metaDataModelPropertiesManager></model><accessType>READ_WRITE</accessType><metaDataFieldPropertyManager><properties><org.mule.common.metadata.field.property.dsql.DsqlSelectMetaDataFieldProperty></org.mule.common.metadata.field.property.dsql.DsqlSelectMetaDataFieldProperty><org.mule.common.metadata.field.property.dsql.DsqlWhereMetaDataFieldProperty></org.mule.common.metadata.field.property.dsql.DsqlWhereMetaDataFieldProperty><org.mule.common.metadata.field.property.dsql.DsqlOrderMetaDataFieldProperty></org.mule.common.metadata.field.property.dsql.DsqlOrderMetaDataFieldProperty><org.mule.common.metadata.field.property.dsql.DsqlQueryOperatorsMetaDataFieldProperty><supportedOperators><org.mule.common.query.expression.LessOperator></org.mule.common.query.expression.LessOperator><org.mule.common.query.expression.LessOrEqualsOperator></org.mule.common.query.expression.LessOrEqualsOperator><org.mule.common.query.expression.EqualsOperator></org.mule.common.query.expression.EqualsOperator><org.mule.common.query.expression.GreaterOperator></org.mule.common.query.expression.GreaterOperator><org.mule.common.query.expression.GreaterOrEqualsOperator></org.mule.common.query.expression.GreaterOrEqualsOperator><org.mule.common.query.expression.NotEqualsOperator></org.mule.common.query.expression.NotEqualsOperator></supportedOperators></org.mule.common.metadata.field.property.dsql.DsqlQueryOperatorsMetaDataFieldProperty></properties></metaDataFieldPropertyManager></org.mule.common.metadata.DefaultMetaDataField><org.mule.common.metadata.DefaultMetaDataField><name>timeZone</name><model class="org.mule.common.metadata.DefaultSimpleMetaDataModel"><dataType>INTEGER</dataType><metaDataModelPropertiesManager><properties></properties></metaDataModelPropertiesManager></model><accessType>READ_WRITE</accessType><metaDataFieldPropertyManager><properties><org.mule.common.metadata.field.property.dsql.DsqlSelectMetaDataFieldProperty></org.mule.common.metadata.field.property.dsql.DsqlSelectMetaDataFieldProperty><org.mule.common.metadata.field.property.dsql.DsqlWhereMetaDataFieldProperty></org.mule.common.metadata.field.property.dsql.DsqlWhereMetaDataFieldProperty><org.mule.common.metadata.field.property.dsql.DsqlOrderMetaDataFieldProperty></org.mule.common.metadata.field.property.dsql.DsqlOrderMetaDataFieldProperty><org.mule.common.metadata.field.property.dsql.DsqlQueryOperatorsMetaDataFieldProperty><supportedOperators><org.mule.common.query.expression.LessOperator></org.mule.common.query.expression.LessOperator><org.mule.common.query.expression.LessOrEqualsOperator></org.mule.common.query.expression.LessOrEqualsOperator><org.mule.common.query.expression.EqualsOperator></org.mule.common.query.expression.EqualsOperator><org.mule.common.query.expression.GreaterOperator></org.mule.common.query.expression.GreaterOperator><org.mule.common.query.expression.GreaterOrEqualsOperator></org.mule.common.query.expression.GreaterOrEqualsOperator><org.mule.common.query.expression.NotEqualsOperator></org.mule.common.query.expression.NotEqualsOperator></supportedOperators></org.mule.common.metadata.field.property.dsql.DsqlQueryOperatorsMetaDataFieldProperty></properties></metaDataFieldPropertyManager></org.mule.common.metadata.DefaultMetaDataField><org.mule.common.metadata.DefaultMetaDataField><name>year</name><model class="org.mule.common.metadata.DefaultSimpleMetaDataModel"><dataType>INTEGER</dataType><metaDataModelPropertiesManager><properties></properties></metaDataModelPropertiesManager></model><accessType>READ_WRITE</accessType><metaDataFieldPropertyManager><properties><org.mule.common.metadata.field.property.dsql.DsqlSelectMetaDataFieldProperty></org.mule.common.metadata.field.property.dsql.DsqlSelectMetaDataFieldProperty><org.mule.common.metadata.field.property.dsql.DsqlWhereMetaDataFieldProperty></org.mule.common.metadata.field.property.dsql.DsqlWhereMetaDataFieldProperty><org.mule.common.metadata.field.property.dsql.DsqlOrderMetaDataFieldProperty></org.mule.common.metadata.field.property.dsql.DsqlOrderMetaDataFieldProperty><org.mule.common.metadata.field.property.dsql.DsqlQueryOperatorsMetaDataFieldProperty><supportedOperators><org.mule.common.query.expression.LessOperator></org.mule.common.query.expression.LessOperator><org.mule.common.query.expression.LessOrEqualsOperator></org.mule.common.query.expression.LessOrEqualsOperator><org.mule.common.query.expression.EqualsOperator></org.mule.common.query.expression.EqualsOperator><org.mule.common.query.expression.GreaterOperator></org.mule.common.query.expression.GreaterOperator><org.mule.common.query.expression.GreaterOrEqualsOperator></org.mule.common.query.expression.GreaterOrEqualsOperator><org.mule.common.query.expression.NotEqualsOperator></org.mule.common.query.expression.NotEqualsOperator></supportedOperators></org.mule.common.metadata.field.property.dsql.DsqlQueryOperatorsMetaDataFieldProperty></properties></metaDataFieldPropertyManager></org.mule.common.metadata.DefaultMetaDataField></fields><clazzName>org.mule.modules.sunsetrise.api.LatLonDate</clazzName><isInterface>false</isInterface><name>LatLonDate</name><parentNames><string>java.lang.Object</string></parentNames></payload><properties><entry><org.mule.common.metadata.MetaDataPropertyScope>RECORD</org.mule.common.metadata.MetaDataPropertyScope><org.mule.common.metadata.MetaDataProperties><fields></fields></org.mule.common.metadata.MetaDataProperties></entry><entry><org.mule.common.metadata.MetaDataPropertyScope>SESSION</org.mule.common.metadata.MetaDataPropertyScope><org.mule.common.metadata.MetaDataProperties><fields></fields></org.mule.common.metadata.MetaDataProperties></entry><entry><org.mule.common.metadata.MetaDataPropertyScope>OUTBOUND</org.mule.common.metadata.MetaDataPropertyScope><org.mule.common.metadata.MetaDataProperties><fields></fields></org.mule.common.metadata.MetaDataProperties></entry><entry><org.mule.common.metadata.MetaDataPropertyScope>FLOW</org.mule.common.metadata.MetaDataPropertyScope><org.mule.common.metadata.MetaDataProperties><fields></fields></org.mule.common.metadata.MetaDataProperties></entry><entry><org.mule.common.metadata.MetaDataPropertyScope>INBOUND</org.mule.common.metadata.MetaDataPropertyScope><org.mule.common.metadata.MetaDataProperties><fields></fields></org.mule.common.metadata.MetaDataProperties></entry></properties></input><output class="org.mule.common.metadata.DefaultMetaData"><payload class="org.mule.common.metadata.DefaultPojoMetaDataModel"><implementationClass>org.mule.modules.sunsetrise.api.LatLonDate</implementationClass><dataType>POJO</dataType><metaDataModelPropertiesManager><properties></properties></metaDataModelPropertiesManager><fields><org.mule.common.metadata.DefaultMetaDataField><name>day</name><model class="org.mule.common.metadata.DefaultSimpleMetaDataModel"><dataType>INTEGER</dataType><metaDataModelPropertiesManager><properties></properties></metaDataModelPropertiesManager></model><accessType>READ_WRITE</accessType><metaDataFieldPropertyManager><properties><org.mule.common.metadata.field.property.dsql.DsqlSelectMetaDataFieldProperty></org.mule.common.metadata.field.property.dsql.DsqlSelectMetaDataFieldProperty><org.mule.common.metadata.field.property.dsql.DsqlWhereMetaDataFieldProperty></org.mule.common.metadata.field.property.dsql.DsqlWhereMetaDataFieldProperty><org.mule.common.metadata.field.property.dsql.DsqlOrderMetaDataFieldProperty></org.mule.common.metadata.field.property.dsql.DsqlOrderMetaDataFieldProperty><org.mule.common.metadata.field.property.dsql.DsqlQueryOperatorsMetaDataFieldProperty><supportedOperators><org.mule.common.query.expression.LessOperator></org.mule.common.query.expression.LessOperator><org.mule.common.query.expression.LessOrEqualsOperator></org.mule.common.query.expression.LessOrEqualsOperator><org.mule.common.query.expression.EqualsOperator></org.mule.common.query.expression.EqualsOperator><org.mule.common.query.expression.GreaterOperator></org.mule.common.query.expression.GreaterOperator><org.mule.common.query.expression.GreaterOrEqualsOperator></org.mule.common.query.expression.GreaterOrEqualsOperator><org.mule.common.query.expression.NotEqualsOperator></org.mule.common.query.expression.NotEqualsOperator></supportedOperators></org.mule.common.metadata.field.property.dsql.DsqlQueryOperatorsMetaDataFieldProperty></properties></metaDataFieldPropertyManager></org.mule.common.metadata.DefaultMetaDataField><org.mule.common.metadata.DefaultMetaDataField><name>latitude</name><model class="org.mule.common.metadata.DefaultSimpleMetaDataModel"><dataType>DOUBLE</dataType><metaDataModelPropertiesManager><properties></properties></metaDataModelPropertiesManager></model><accessType>READ_WRITE</accessType><metaDataFieldPropertyManager><properties><org.mule.common.metadata.field.property.dsql.DsqlSelectMetaDataFieldProperty></org.mule.common.metadata.field.property.dsql.DsqlSelectMetaDataFieldProperty><org.mule.common.metadata.field.property.dsql.DsqlWhereMetaDataFieldProperty></org.mule.common.metadata.field.property.dsql.DsqlWhereMetaDataFieldProperty><org.mule.common.metadata.field.property.dsql.DsqlOrderMetaDataFieldProperty></org.mule.common.metadata.field.property.dsql.DsqlOrderMetaDataFieldProperty><org.mule.common.metadata.field.property.dsql.DsqlQueryOperatorsMetaDataFieldProperty><supportedOperators><org.mule.common.query.expression.LessOperator></org.mule.common.query.expression.LessOperator><org.mule.common.query.expression.LessOrEqualsOperator></org.mule.common.query.expression.LessOrEqualsOperator><org.mule.common.query.expression.EqualsOperator></org.mule.common.query.expression.EqualsOperator><org.mule.common.query.expression.GreaterOperator></org.mule.common.query.expression.GreaterOperator><org.mule.common.query.expression.GreaterOrEqualsOperator></org.mule.common.query.expression.GreaterOrEqualsOperator><org.mule.common.query.expression.NotEqualsOperator></org.mule.common.query.expression.NotEqualsOperator></supportedOperators></org.mule.common.metadata.field.property.dsql.DsqlQueryOperatorsMetaDataFieldProperty></properties></metaDataFieldPropertyManager></org.mule.common.metadata.DefaultMetaDataField><org.mule.common.metadata.DefaultMetaDataField><name>longitude</name><model class="org.mule.common.metadata.DefaultSimpleMetaDataModel"><dataType>DOUBLE</dataType><metaDataModelPropertiesManager><properties></properties></metaDataModelPropertiesManager></model><accessType>READ_WRITE</accessType><metaDataFieldPropertyManager><properties><org.mule.common.metadata.field.property.dsql.DsqlSelectMetaDataFieldProperty></org.mule.common.metadata.field.property.dsql.DsqlSelectMetaDataFieldProperty><org.mule.common.metadata.field.property.dsql.DsqlWhereMetaDataFieldProperty></org.mule.common.metadata.field.property.dsql.DsqlWhereMetaDataFieldProperty><org.mule.common.metadata.field.property.dsql.DsqlOrderMetaDataFieldProperty></org.mule.common.metadata.field.property.dsql.DsqlOrderMetaDataFieldProperty><org.mule.common.metadata.field.property.dsql.DsqlQueryOperatorsMetaDataFieldProperty><supportedOperators><org.mule.common.query.expression.LessOperator></org.mule.common.query.expression.LessOperator><org.mule.common.query.expression.LessOrEqualsOperator></org.mule.common.query.expression.LessOrEqualsOperator><org.mule.common.query.expression.EqualsOperator></org.mule.common.query.expression.EqualsOperator><org.mule.common.query.expression.GreaterOperator></org.mule.common.query.expression.GreaterOperator><org.mule.common.query.expression.GreaterOrEqualsOperator></org.mule.common.query.expression.GreaterOrEqualsOperator><org.mule.common.query.expression.NotEqualsOperator></org.mule.common.query.expression.NotEqualsOperator></supportedOperators></org.mule.common.metadata.field.property.dsql.DsqlQueryOperatorsMetaDataFieldProperty></properties></metaDataFieldPropertyManager></org.mule.common.metadata.DefaultMetaDataField><org.mule.common.metadata.DefaultMetaDataField><name>month</name><model class="org.mule.common.metadata.DefaultSimpleMetaDataModel"><dataType>INTEGER</dataType><metaDataModelPropertiesManager><properties></properties></metaDataModelPropertiesManager></model><accessType>READ_WRITE</accessType><metaDataFieldPropertyManager><properties><org.mule.common.metadata.field.property.dsql.DsqlSelectMetaDataFieldProperty></org.mule.common.metadata.field.property.dsql.DsqlSelectMetaDataFieldProperty><org.mule.common.metadata.field.property.dsql.DsqlWhereMetaDataFieldProperty></org.mule.common.metadata.field.property.dsql.DsqlWhereMetaDataFieldProperty><org.mule.common.metadata.field.property.dsql.DsqlOrderMetaDataFieldProperty></org.mule.common.metadata.field.property.dsql.DsqlOrderMetaDataFieldProperty><org.mule.common.metadata.field.property.dsql.DsqlQueryOperatorsMetaDataFieldProperty><supportedOperators><org.mule.common.query.expression.LessOperator></org.mule.common.query.expression.LessOperator><org.mule.common.query.expression.LessOrEqualsOperator></org.mule.common.query.expression.LessOrEqualsOperator><org.mule.common.query.expression.EqualsOperator></org.mule.common.query.expression.EqualsOperator><org.mule.common.query.expression.GreaterOperator></org.mule.common.query.expression.GreaterOperator><org.mule.common.query.expression.GreaterOrEqualsOperator></org.mule.common.query.expression.GreaterOrEqualsOperator><org.mule.common.query.expression.NotEqualsOperator></org.mule.common.query.expression.NotEqualsOperator></supportedOperators></org.mule.common.metadata.field.property.dsql.DsqlQueryOperatorsMetaDataFieldProperty></properties></metaDataFieldPropertyManager></org.mule.common.metadata.DefaultMetaDataField><org.mule.common.metadata.DefaultMetaDataField><name>sunRiseTime</name><model class="org.mule.common.metadata.DefaultSimpleMetaDataModel"><dataType>DOUBLE</dataType><metaDataModelPropertiesManager><properties></properties></metaDataModelPropertiesManager></model><accessType>READ_WRITE</accessType><metaDataFieldPropertyManager><properties><org.mule.common.metadata.field.property.dsql.DsqlSelectMetaDataFieldProperty></org.mule.common.metadata.field.property.dsql.DsqlSelectMetaDataFieldProperty><org.mule.common.metadata.field.property.dsql.DsqlWhereMetaDataFieldProperty></org.mule.common.metadata.field.property.dsql.DsqlWhereMetaDataFieldProperty><org.mule.common.metadata.field.property.dsql.DsqlOrderMetaDataFieldProperty></org.mule.common.metadata.field.property.dsql.DsqlOrderMetaDataFieldProperty><org.mule.common.metadata.field.property.dsql.DsqlQueryOperatorsMetaDataFieldProperty><supportedOperators><org.mule.common.query.expression.LessOperator></org.mule.common.query.expression.LessOperator><org.mule.common.query.expression.LessOrEqualsOperator></org.mule.common.query.expression.LessOrEqualsOperator><org.mule.common.query.expression.EqualsOperator></org.mule.common.query.expression.EqualsOperator><org.mule.common.query.expression.GreaterOperator></org.mule.common.query.expression.GreaterOperator><org.mule.common.query.expression.GreaterOrEqualsOperator></org.mule.common.query.expression.GreaterOrEqualsOperator><org.mule.common.query.expression.NotEqualsOperator></org.mule.common.query.expression.NotEqualsOperator></supportedOperators></org.mule.common.metadata.field.property.dsql.DsqlQueryOperatorsMetaDataFieldProperty></properties></metaDataFieldPropertyManager></org.mule.common.metadata.DefaultMetaDataField><org.mule.common.metadata.DefaultMetaDataField><name>sunSetTime</name><model class="org.mule.common.metadata.DefaultSimpleMetaDataModel"><dataType>DOUBLE</dataType><metaDataModelPropertiesManager><properties></properties></metaDataModelPropertiesManager></model><accessType>READ_WRITE</accessType><metaDataFieldPropertyManager><properties><org.mule.common.metadata.field.property.dsql.DsqlSelectMetaDataFieldProperty></org.mule.common.metadata.field.property.dsql.DsqlSelectMetaDataFieldProperty><org.mule.common.metadata.field.property.dsql.DsqlWhereMetaDataFieldProperty></org.mule.common.metadata.field.property.dsql.DsqlWhereMetaDataFieldProperty><org.mule.common.metadata.field.property.dsql.DsqlOrderMetaDataFieldProperty></org.mule.common.metadata.field.property.dsql.DsqlOrderMetaDataFieldProperty><org.mule.common.metadata.field.property.dsql.DsqlQueryOperatorsMetaDataFieldProperty><supportedOperators><org.mule.common.query.expression.LessOperator></org.mule.common.query.expression.LessOperator><org.mule.common.query.expression.LessOrEqualsOperator></org.mule.common.query.expression.LessOrEqualsOperator><org.mule.common.query.expression.EqualsOperator></org.mule.common.query.expression.EqualsOperator><org.mule.common.query.expression.GreaterOperator></org.mule.common.query.expression.GreaterOperator><org.mule.common.query.expression.GreaterOrEqualsOperator></org.mule.common.query.expression.GreaterOrEqualsOperator><org.mule.common.query.expression.NotEqualsOperator></org.mule.common.query.expression.NotEqualsOperator></supportedOperators></org.mule.common.metadata.field.property.dsql.DsqlQueryOperatorsMetaDataFieldProperty></properties></metaDataFieldPropertyManager></org.mule.common.metadata.DefaultMetaDataField><org.mule.common.metadata.DefaultMetaDataField><name>timeZone</name><model class="org.mule.common.metadata.DefaultSimpleMetaDataModel"><dataType>INTEGER</dataType><metaDataModelPropertiesManager><properties></properties></metaDataModelPropertiesManager></model><accessType>READ_WRITE</accessType><metaDataFieldPropertyManager><properties><org.mule.common.metadata.field.property.dsql.DsqlSelectMetaDataFieldProperty></org.mule.common.metadata.field.property.dsql.DsqlSelectMetaDataFieldProperty><org.mule.common.metadata.field.property.dsql.DsqlWhereMetaDataFieldProperty></org.mule.common.metadata.field.property.dsql.DsqlWhereMetaDataFieldProperty><org.mule.common.metadata.field.property.dsql.DsqlOrderMetaDataFieldProperty></org.mule.common.metadata.field.property.dsql.DsqlOrderMetaDataFieldProperty><org.mule.common.metadata.field.property.dsql.DsqlQueryOperatorsMetaDataFieldProperty><supportedOperators><org.mule.common.query.expression.LessOperator></org.mule.common.query.expression.LessOperator><org.mule.common.query.expression.LessOrEqualsOperator></org.mule.common.query.expression.LessOrEqualsOperator><org.mule.common.query.expression.EqualsOperator></org.mule.common.query.expression.EqualsOperator><org.mule.common.query.expression.GreaterOperator></org.mule.common.query.expression.GreaterOperator><org.mule.common.query.expression.GreaterOrEqualsOperator></org.mule.common.query.expression.GreaterOrEqualsOperator><org.mule.common.query.expression.NotEqualsOperator></org.mule.common.query.expression.NotEqualsOperator></supportedOperators></org.mule.common.metadata.field.property.dsql.DsqlQueryOperatorsMetaDataFieldProperty></properties></metaDataFieldPropertyManager></org.mule.common.metadata.DefaultMetaDataField><org.mule.common.metadata.DefaultMetaDataField><name>year</name><model class="org.mule.common.metadata.DefaultSimpleMetaDataModel"><dataType>INTEGER</dataType><metaDataModelPropertiesManager><properties></properties></metaDataModelPropertiesManager></model><accessType>READ_WRITE</accessType><metaDataFieldPropertyManager><properties><org.mule.common.metadata.field.property.dsql.DsqlSelectMetaDataFieldProperty></org.mule.common.metadata.field.property.dsql.DsqlSelectMetaDataFieldProperty><org.mule.common.metadata.field.property.dsql.DsqlWhereMetaDataFieldProperty></org.mule.common.metadata.field.property.dsql.DsqlWhereMetaDataFieldProperty><org.mule.common.metadata.field.property.dsql.DsqlOrderMetaDataFieldProperty></org.mule.common.metadata.field.property.dsql.DsqlOrderMetaDataFieldProperty><org.mule.common.metadata.field.property.dsql.DsqlQueryOperatorsMetaDataFieldProperty><supportedOperators><org.mule.common.query.expression.LessOperator></org.mule.common.query.expression.LessOperator><org.mule.common.query.expression.LessOrEqualsOperator></org.mule.common.query.expression.LessOrEqualsOperator><org.mule.common.query.expression.EqualsOperator></org.mule.common.query.expression.EqualsOperator><org.mule.common.query.expression.GreaterOperator></org.mule.common.query.expression.GreaterOperator><org.mule.common.query.expression.GreaterOrEqualsOperator></org.mule.common.query.expression.GreaterOrEqualsOperator><org.mule.common.query.expression.NotEqualsOperator></org.mule.common.query.expression.NotEqualsOperator></supportedOperators></org.mule.common.metadata.field.property.dsql.DsqlQueryOperatorsMetaDataFieldProperty></properties></metaDataFieldPropertyManager></org.mule.common.metadata.DefaultMetaDataField></fields><clazzName>org.mule.modules.sunsetrise.api.LatLonDate</clazzName><isInterface>false</isInterface><name>LatLonDate</name><parentNames><string>java.lang.Object</string></parentNames></payload><properties><entry><org.mule.common.metadata.MetaDataPropertyScope>RECORD</org.mule.common.metadata.MetaDataPropertyScope><org.mule.common.metadata.MetaDataProperties><fields></fields></org.mule.common.metadata.MetaDataProperties></entry><entry><org.mule.common.metadata.MetaDataPropertyScope>SESSION</org.mule.common.metadata.MetaDataPropertyScope><org.mule.common.metadata.MetaDataProperties><fields></fields></org.mule.common.metadata.MetaDataProperties></entry><entry><org.mule.common.metadata.MetaDataPropertyScope>OUTBOUND</org.mule.common.metadata.MetaDataPropertyScope><org.mule.common.metadata.MetaDataProperties><fields></fields></org.mule.common.metadata.MetaDataProperties></entry><entry><org.mule.common.metadata.MetaDataPropertyScope>FLOW</org.mule.common.metadata.MetaDataPropertyScope><org.mule.common.metadata.MetaDataProperties><fields></fields></org.mule.common.metadata.MetaDataProperties></entry><entry><org.mule.common.metadata.MetaDataPropertyScope>INBOUND</org.mule.common.metadata.MetaDataPropertyScope><org.mule.common.metadata.MetaDataProperties><fields></fields></org.mule.common.metadata.MetaDataProperties></entry></properties></output></org.mule.tooling.metadata.cache.DefaultMetadataCacheEntry></entry></map></entry></map></entry></projectMetadataCache></org.mule.tooling.metadata.cache.MetadataCache>