<?xml version="1.0" encoding="UTF-8"?>

<mule xmlns:json="http://www.mulesoft.org/schema/mule/json" xmlns:sunsetrise="http://www.mulesoft.org/schema/mule/sunsetrise" xmlns:http="http://www.mulesoft.org/schema/mule/http" xmlns="http://www.mulesoft.org/schema/mule/core" xmlns:doc="http://www.mulesoft.org/schema/mule/documentation"
	xmlns:spring="http://www.springframework.org/schema/beans" version="EE-3.6.0"
	xmlns:xsi="http://www.w3.org/2001/XMLSchema-instance"
	xsi:schemaLocation="http://www.springframework.org/schema/beans http://www.springframework.org/schema/beans/spring-beans-current.xsd
http://www.mulesoft.org/schema/mule/core http://www.mulesoft.org/schema/mule/core/current/mule.xsd
http://www.mulesoft.org/schema/mule/http http://www.mulesoft.org/schema/mule/http/current/mule-http.xsd
http://www.mulesoft.org/schema/mule/sunsetrise http://www.mulesoft.org/schema/mule/sunsetrise/current/mule-sunsetrise.xsd
http://www.mulesoft.org/schema/mule/json http://www.mulesoft.org/schema/mule/json/current/mule-json.xsd">
    <http:listener-config name="HTTP_Listener_Configuration" host="0.0.0.0" port="8081" doc:name="HTTP Listener Configuration"/>
    <sunsetrise:config-type name="SunsetriseConfig" username="foo" doc:name="Sunsetrise: Connection Managament type strategy"/>
    <flow name="mule-sunsetFlow">
        <http:listener config-ref="HTTP_Listener_Configuration" path="/" doc:name="HTTP"/>
        <sunsetrise:get-sun-set-rise-time config-ref="SunsetriseConfig" doc:name="Sunsetrise">
            <sunsetrise:in latitude="15" sunRiseTime="0.0" day="12" longitude="0" month="12" sunSetTime="0.0" timeZone="0" year="2015"/>
        </sunsetrise:get-sun-set-rise-time>
        <json:object-to-json-transformer doc:name="Object to JSON"/>
    </flow>
</mule>
