<?xml version="1.0" encoding="UTF-8"?>

<mule xmlns:partner-manager="http://www.mulesoft.org/schema/mule/partner-manager" xmlns:tracking="http://www.mulesoft.org/schema/mule/ee/tracking" xmlns:file="http://www.mulesoft.org/schema/mule/file" xmlns:ftps="http://www.mulesoft.org/schema/mule/ftps" xmlns:data-mapper="http://www.mulesoft.org/schema/mule/ee/data-mapper" xmlns:x12-edi="http://www.mulesoft.org/schema/mule/x12-edi" xmlns="http://www.mulesoft.org/schema/mule/core" xmlns:doc="http://www.mulesoft.org/schema/mule/documentation"
	xmlns:spring="http://www.springframework.org/schema/beans" 
	xmlns:xsi="http://www.w3.org/2001/XMLSchema-instance"
	xsi:schemaLocation="http://www.springframework.org/schema/beans http://www.springframework.org/schema/beans/spring-beans-current.xsd
http://www.mulesoft.org/schema/mule/core http://www.mulesoft.org/schema/mule/core/current/mule.xsd
http://www.mulesoft.org/schema/mule/ftps http://www.mulesoft.org/schema/mule/ftps/current/mule-ftps.xsd
http://www.mulesoft.org/schema/mule/x12-edi http://www.mulesoft.org/schema/mule/x12-edi/current/mule-x12-edi.xsd
http://www.mulesoft.org/schema/mule/file http://www.mulesoft.org/schema/mule/file/current/mule-file.xsd
http://www.mulesoft.org/schema/mule/ee/data-mapper http://www.mulesoft.org/schema/mule/ee/data-mapper/current/mule-data-mapper.xsd
http://www.mulesoft.org/schema/mule/ee/tracking http://www.mulesoft.org/schema/mule/ee/tracking/current/mule-tracking-ee.xsd
http://www.mulesoft.org/schema/mule/partner-manager http://www.mulesoft.org/schema/mule/partner-manager/current/mule-partner-manager.xsd" version="EE-3.6.1">

	<partner-manager:config name="Partner_Manager__Basic_Configuration" apiKey="${apm.apiKey}" doc:name="Partner Manager: Basic Configuration"/>
    <ftps:partner-manager-config name="b2b-based-ftps"  standard="EDI_X12" doc:name="FTPS: Partner Manager Configuration" partnerName="${apm.partnerName}"/>
    <x12-edi:config name="X12_EDI" useB2BProvider="true" interchangeIdQualifierSelf="ZZ" interchangeIdSelf="MOUNTAINOUT" groupIdSelf="MOUNTAINOUT" interchangeIdQualifierPartner="ZZ" interchangeIdPartner="MY-SUPPLIER" groupIdPartner="MY-SUPPLIER" doc:name="X12 EDI">
        <x12-edi:schemas>
            <x12-edi:schema>/x12/005010/850.esl</x12-edi:schema>
        </x12-edi:schemas>
    </x12-edi:config>
    <data-mapper:config name="XML_To_850" transformationGraphPath="xml_to_850.grf" doc:name="XML_To_850"/>
    
    <flow name="send-850-to-supplier-flow">
        <file:inbound-endpoint path="outbox" responseTimeout="10000" doc:name="File"/>
        <data-mapper:transform config-ref="XML_To_850" doc:name="XML To 850"/>
        <x12-edi:write config-ref="X12_EDI" doc:name="Write EDI"/>
        <ftps:write config-ref="b2b-based-ftps" doc:name="Send 850 to Supplier"/>
    </flow>
    <flow name="receive-997-from-supplier-flow">
        <ftps:read config-ref="b2b-based-ftps" doc:name="Receive 997 from Supplier"/>
        <byte-array-to-string-transformer doc:name="Byte Array to String"/>
        <x12-edi:read config-ref="X12_EDI" doc:name="Parse EDI"/>
    </flow>
</mule>
