<?xml version="1.0" encoding="UTF-8"?>

<mule xmlns:tracking="http://www.mulesoft.org/schema/mule/ee/tracking" xmlns:partner-manager="http://www.mulesoft.org/schema/mule/partner-manager" xmlns:file="http://www.mulesoft.org/schema/mule/file" xmlns="http://www.mulesoft.org/schema/mule/core" xmlns:doc="http://www.mulesoft.org/schema/mule/documentation"
	xmlns:spring="http://www.springframework.org/schema/beans" version="EE-3.7.1"
	xmlns:xsi="http://www.w3.org/2001/XMLSchema-instance"
	xsi:schemaLocation="http://www.springframework.org/schema/beans http://www.springframework.org/schema/beans/spring-beans-current.xsd
http://www.mulesoft.org/schema/mule/core http://www.mulesoft.org/schema/mule/core/current/mule.xsd
http://www.mulesoft.org/schema/mule/file http://www.mulesoft.org/schema/mule/file/current/mule-file.xsd
http://www.mulesoft.org/schema/mule/partner-manager http://www.mulesoft.org/schema/mule/partner-manager/current/mule-partner-manager.xsd
http://www.mulesoft.org/schema/mule/ee/tracking http://www.mulesoft.org/schema/mule/ee/tracking/current/mule-tracking-ee.xsd">

    <partner-manager:config name="Partner_Manager__Basic_Configuration" apiKey="" doc:name="Partner Manager: Basic Configuration"/>
    
    <flow name="partner-manager-track-transmission-flow">
        <file:inbound-endpoint responseTimeout="10000" doc:name="File" path="outbox"/>
        <object-to-string-transformer doc:name="Object to String"/>
 		<partner-manager:track-transmission config-ref="Partner_Manager__Basic_Configuration" direction="INBOUND" doc:name="Partner Manager" filename="#[flowVars.originalFilename]" fromPartyIdentifier="#[xpath3('/PurchaseOrder/Address/Name')]" toPartyIdentifier="My Organisation" formatType="XML" content-ref="#[payload]">
            <partner-manager:metadata>
                <partner-manager:metadatum key="PurchaseOrderNumber">#[xpath3('/PurchaseOrder/@PurchaseOrderNumber')]</partner-manager:metadatum>
                <partner-manager:metadatum key="OrderDate">#[xpath3('/PurchaseOrder/@OrderDate')]</partner-manager:metadatum>
            </partner-manager:metadata>
        </partner-manager:track-transmission>
        <file:outbound-endpoint path="inbox" responseTimeout="10000" doc:name="File"/> 
    </flow>
</mule>
